Qubit,T1 (us),T2 (us),Readout assignment error,Prob meas0 prep1,Prob meas1 prep0,Readout length (ns),ID error,Single-qubit gate length (ns),RX error,Z-axis rotation (rz) error,√x (sx) error,Pauli-X error,MEASURE error,Operational
0,253.48015742321363,114.73657474887688,0.009765625,0.017333984375,0.002197265625,2584.0,0.000591721963879924,36.0,0.000591721963879924,0.0,0.000591721963879924,0.000591721963879924,0.0023193359375,Yes
1,160.4088276514333,132.650904168516,0.014404296875,0.0244140625,0.00439453125,2584.0,0.0002868763064152417,36.0,0.0002868763064152417,0.0,0.0002868763064152417,0.0002868763064152417,0.007080078125,Yes
2,347.65924834098666,468.5139289124524,0.0059814453125,0.01025390625,0.001708984375,2584.0,0.00014470698432457913,36.0,0.00014470698432457913,0.0,0.00014470698432457913,0.00014470698432457913,0.0047607421875,Yes
3,378.94759921775636,255.37686564819796,0.0054931640625,0.00634765625,0.004638671875,2584.0,0.0003574923950132076,36.0,0.0003574923950132076,0.0,0.0003574923950132076,0.0003574923950132076,0.01025390625,Yes
4,226.58319140998776,146.11313722371935,0.0115966796875,0.0224609375,0.000732421875,2584.0,0.00037320202330408056,36.0,0.00037320202330408056,0.0,0.00037320202330408056,0.00037320202330408056,0.0101318359375,Yes
5,285.6219611956308,223.62510641487066,0.00390625,0.006103515625,0.001708984375,2584.0,0.00018120173818015278,36.0,0.00018120173818015278,0.0,0.00018120173818015278,0.00018120173818015278,0.0037841796875,Yes
6,220.30728954403284,152.14044697507288,0.00439453125,0.005615234375,0.003173828125,2584.0,0.00028216719952284887,36.0,0.00028216719952284887,0.0,0.00028216719952284887,0.00028216719952284887,0.0228271484375,Yes
7,280.9538516082856,118.44002691756556,0.0101318359375,0.018310546875,0.001953125,2584.0,0.00011722149120464573,36.0,0.00011722149120464573,0.0,0.00011722149120464573,0.00011722149120464573,0.0035400390625,Yes
8,224.3121103274388,106.47246558779098,0.00537109375,0.009521484375,0.001220703125,2584.0,0.0005967327948574952,36.0,0.0005967327948574952,0.0,0.0005967327948574952,0.0005967327948574952,0.009033203125,Yes
9,235.52512231882,243.44898575808116,0.029296875,0.02197265625,0.03662109375,2584.0,0.0002517292083170586,36.0,0.0002517292083170586,0.0,0.0002517292083170586,0.0002517292083170586,0.0162353515625,Yes
10,247.73500391949685,116.21351826614887,0.013916015625,0.01953125,0.010009765625,2584.0,0.00023834404937383708,36.0,0.00023834404937383708,0.0,0.00023834404937383708,0.00023834404937383708,0.0042724609375,Yes
11,315.01048661222495,217.7051113887617,0.020263671875,0.0185546875,0.02197265625,2584.0,0.0003413875137795495,36.0,0.0003413875137795495,0.0,0.0003413875137795495,0.0003413875137795495,0.0103759765625,Yes
12,300.7685823186218,134.31798965297813,0.00537109375,0.009033203125,0.001708984375,2584.0,0.00027186899051131195,36.0,0.00027186899051131195,0.0,0.00027186899051131195,0.00027186899051131195,0.01416015625,Yes
13,226.06201699103477,180.93249206787422,0.033935546875,0.028076171875,0.039794921875,2584.0,0.00013823129180261007,36.0,0.00013823129180261007,0.0,0.00013823129180261007,0.00013823129180261007,0.008056640625,Yes
14,344.0344439762139,145.84330310377763,0.0050048828125,0.00927734375,0.000732421875,2584.0,0.00014241426718989705,36.0,0.00014241426718989705,0.0,0.00014241426718989705,0.00014241426718989705,0.002685546875,Yes
15,369.9476664521398,28.44170507884457,0.02685546875,0.050537109375,0.003173828125,2584.0,0.00015886281640439993,36.0,0.00015886281640439993,0.0,0.00015886281640439993,0.00015886281640439993,0.1275634765625,Yes
16,142.60713276799675,114.59798490160802,0.0062255859375,0.01220703125,0.000244140625,2584.0,0.0014413327333897428,36.0,0.0014413327333897428,0.0,0.0014413327333897428,0.0014413327333897428,0.007568359375,Yes
17,298.3962077344483,10.112221925087818,0.00537109375,0.008544921875,0.002197265625,2584.0,0.00043660981608982134,36.0,0.00043660981608982134,0.0,0.00043660981608982134,0.00043660981608982134,0.0045166015625,Yes
18,97.74478236585122,97.13475084834097,0.016845703125,0.021728515625,0.011962890625,2584.0,0.0004144157303800834,36.0,0.0004144157303800834,0.0,0.0004144157303800834,0.0004144157303800834,0.0135498046875,Yes
19,127.42874319947634,60.44827697698392,0.0048828125,0.008544921875,0.001220703125,2584.0,0.00025457530171742697,36.0,0.00025457530171742697,0.0,0.00025457530171742697,0.00025457530171742697,0.007568359375,Yes
20,150.4366986999471,118.02363039412937,0.0084228515625,0.015869140625,0.0009765625,2584.0,0.00025424391151192895,36.0,0.00025424391151192895,0.0,0.00025424391151192895,0.00025424391151192895,0.0052490234375,Yes
21,320.7553223728421,214.97697988475375,0.0035400390625,0.00537109375,0.001708984375,2584.0,0.00020456855203434963,36.0,0.00020456855203434963,0.0,0.00020456855203434963,0.00020456855203434963,0.0050048828125,Yes
22,221.88195702583127,33.38884127012139,0.00830078125,0.013671875,0.0029296875,2584.0,0.0002499470716518359,36.0,0.0002499470716518359,0.0,0.0002499470716518359,0.0002499470716518359,0.0074462890625,Yes
23,209.95513075414354,154.46764410113374,0.3662109375,0.711669921875,0.020751953125,2584.0,0.00027651557709036374,36.0,0.00027651557709036374,0.0,0.00027651557709036374,0.00027651557709036374,0.0306396484375,Yes
24,161.1878410905439,20.4529255034264,0.007080078125,0.013916015625,0.000244140625,2584.0,0.0005867941980953368,36.0,0.0005867941980953368,0.0,0.0005867941980953368,0.0005867941980953368,0.02734375,Yes
25,115.395806990796,54.66827614358561,0.014892578125,0.021484375,0.00830078125,2584.0,0.000559483939923989,36.0,0.000559483939923989,0.0,0.000559483939923989,0.000559483939923989,0.0247802734375,Yes
26,4.283938833110861,8.05513472874944,0.03955078125,0.0771484375,0.001953125,2584.0,0.0028622693930206084,36.0,0.0028622693930206084,0.0,0.0028622693930206084,0.0028622693930206084,0.0562744140625,Yes
27,99.06158861497836,126.218682700393,0.0382080078125,0.013671875,0.052490234375,2584.0,0.0003166906846341349,36.0,0.0003166906846341349,0.0,0.0003166906846341349,0.0003166906846341349,0.0482177734375,Yes
28,399.17274981482853,340.958223238561,0.0166015625,0.025634765625,0.007568359375,2584.0,0.00039876577922987245,36.0,0.00039876577922987245,0.0,0.00039876577922987245,0.00039876577922987245,0.0113525390625,Yes
29,80.02462915052065,70.62798601806965,0.10107421875,0.201416015625,0.000732421875,2584.0,0.0005293293486820683,36.0,0.0005293293486820683,0.0,0.0005293293486820683,0.0005293293486820683,0.0272216796875,Yes
30,169.43860864765375,51.27938614546395,0.014404296875,0.017822265625,0.010986328125,2584.0,0.0005561827488196516,36.0,0.0005561827488196516,0.0,0.0005561827488196516,0.0005561827488196516,0.027587890625,Yes
31,173.34483619431657,68.46352558930029,0.0196533203125,0.018310546875,0.02099609375,2584.0,0.00020420947950093707,36.0,0.00020420947950093707,0.0,0.00020420947950093707,0.00020420947950093707,0.012939453125,Yes
32,338.30511276884516,47.986131761736615,0.006591796875,0.010498046875,0.002685546875,2584.0,0.0006041113698438095,36.0,0.0006041113698438095,0.0,0.0006041113698438095,0.0006041113698438095,0.0087890625,Yes
33,162.7472072134357,150.24820269739425,0.0108642578125,0.020751953125,0.0009765625,2584.0,0.0002516957750497306,36.0,0.0002516957750497306,0.0,0.0002516957750497306,0.0002516957750497306,0.006591796875,Yes
34,142.72136612204673,117.43419945256599,0.0035400390625,0.00634765625,0.000732421875,2584.0,0.000456470933697119,36.0,0.000456470933697119,0.0,0.000456470933697119,0.000456470933697119,0.024169921875,Yes
35,488.62875224199047,525.9771655561138,0.0120849609375,0.00537109375,0.018798828125,2584.0,0.00016792570180761685,36.0,0.00016792570180761685,0.0,0.00016792570180761685,0.00016792570180761685,0.01025390625,Yes
36,246.57210489891668,88.68610904877406,0.0101318359375,0.017822265625,0.00244140625,2584.0,0.0036961657903650702,36.0,0.0036961657903650702,0.0,0.0036961657903650702,0.0036961657903650702,0.1162109375,Yes
37,117.9619015900736,29.39915408492174,0.0091552734375,0.014892578125,0.00341796875,2584.0,0.0011139888608211633,36.0,0.0011139888608211633,0.0,0.0011139888608211633,0.0011139888608211633,0.017333984375,Yes
38,100.02537871126661,84.55069108733363,0.0172119140625,0.01611328125,0.018310546875,2584.0,0.0006352709076569578,36.0,0.0006352709076569578,0.0,0.0006352709076569578,0.0006352709076569578,0.013916015625,Yes
39,186.84681515377574,41.58658886427484,0.023193359375,0.03271484375,0.013671875,2584.0,0.0011922678477623715,36.0,0.0011922678477623715,0.0,0.0011922678477623715,0.0011922678477623715,0.2073974609375,Yes
40,191.5747907433785,105.3656624252686,0.0662841796875,0.047607421875,0.0849609375,2584.0,0.00017489627423707563,36.0,0.00017489627423707563,0.0,0.00017489627423707563,0.00017489627423707563,0.0223388671875,Yes
41,173.34020476715662,26.836012204756052,0.021240234375,0.041015625,0.00146484375,2584.0,0.0007315131122318782,36.0,0.0007315131122318782,0.0,0.0007315131122318782,0.0007315131122318782,0.0089111328125,Yes
42,262.29817387302666,81.42512172958172,0.012939453125,0.01904296875,0.0068359375,2584.0,0.0003379873845543805,36.0,0.0003379873845543805,0.0,0.0003379873845543805,0.0003379873845543805,0.005126953125,Yes
43,271.0368134911444,89.15339629291938,0.02294921875,0.0244140625,0.021484375,2584.0,0.000270444917948726,36.0,0.000270444917948726,0.0,0.000270444917948726,0.000270444917948726,0.0069580078125,Yes
44,136.674920078842,147.24206762090273,0.0091552734375,0.03515625,0.004638671875,2584.0,0.000545611657171757,36.0,0.000545611657171757,0.0,0.000545611657171757,0.000545611657171757,0.0098876953125,Yes
45,83.03080732922294,92.51957438767532,0.0069580078125,0.011474609375,0.00244140625,2584.0,0.00034655192058130645,36.0,0.00034655192058130645,0.0,0.00034655192058130645,0.00034655192058130645,0.0096435546875,Yes
46,313.24482380011113,15.30944445787877,0.015869140625,0.0263671875,0.00537109375,2584.0,0.0006117290631598324,36.0,0.0006117290631598324,0.0,0.0006117290631598324,0.0006117290631598324,0.012939453125,Yes
47,179.54346702266542,107.89845504148296,0.158203125,0.093505859375,0.222900390625,2584.0,0.0006179302191584621,36.0,0.0006179302191584621,0.0,0.0006179302191584621,0.0006179302191584621,0.0374755859375,Yes
48,286.20706042685003,114.58660423242398,0.081298828125,0.115234375,0.04736328125,2584.0,0.00302665443954358,36.0,0.00302665443954358,0.0,0.00302665443954358,0.00302665443954358,0.060791015625,Yes
49,282.0235002630945,224.60403099546937,0.0404052734375,0.0732421875,0.007568359375,2584.0,0.0004113382797970676,36.0,0.0004113382797970676,0.0,0.0004113382797970676,0.0004113382797970676,0.0194091796875,Yes
50,206.64624839847204,185.82147033470451,0.0201416015625,0.033935546875,0.00634765625,2584.0,0.00022243609536571113,36.0,0.00022243609536571113,0.0,0.00022243609536571113,0.00022243609536571113,0.0145263671875,Yes
51,191.97784949385294,250.26387644283474,0.0726318359375,0.10546875,0.039794921875,2584.0,0.00025013106369679264,36.0,0.00025013106369679264,0.0,0.00025013106369679264,0.00025013106369679264,0.119140625,Yes
52,160.9311951614889,193.31143587170897,0.0111083984375,0.0146484375,0.007568359375,2584.0,0.0005145457415579901,36.0,0.0005145457415579901,0.0,0.0005145457415579901,0.0005145457415579901,0.0164794921875,Yes
53,294.3108733239222,360.1548191488407,0.02294921875,0.02001953125,0.02587890625,2584.0,0.00014399295064078008,36.0,0.00014399295064078008,0.0,0.00014399295064078008,0.00014399295064078008,0.0810546875,Yes
54,231.0414717611648,295.44929073546143,0.0050048828125,0.007568359375,0.00244140625,2584.0,0.00013561430831538903,36.0,0.00013561430831538903,0.0,0.00013561430831538903,0.00013561430831538903,0.0054931640625,Yes
55,234.2219881180673,85.10478206137012,0.017822265625,0.021240234375,0.014404296875,2584.0,0.00020032406824026434,36.0,0.00020032406824026434,0.0,0.00020032406824026434,0.00020032406824026434,0.04345703125,Yes
56,273.82886371139375,143.27984914757374,0.00927734375,0.01318359375,0.00537109375,2584.0,0.000263416039895196,36.0,0.000263416039895196,0.0,0.000263416039895196,0.000263416039895196,0.018798828125,Yes
57,237.37759736665728,170.09010909794247,0.0093994140625,0.013671875,0.005126953125,2584.0,0.0002957223247631161,36.0,0.0002957223247631161,0.0,0.0002957223247631161,0.0002957223247631161,0.0482177734375,Yes
58,233.8612226275754,235.151948266812,0.026123046875,0.033203125,0.01904296875,2584.0,0.0002333923297492462,36.0,0.0002333923297492462,0.0,0.0002333923297492462,0.0002333923297492462,0.02587890625,Yes
59,129.71461386423218,169.1519192134506,0.0113525390625,0.017822265625,0.0048828125,2584.0,0.00024759434942930967,36.0,0.00024759434942930967,0.0,0.00024759434942930967,0.00024759434942930967,0.0274658203125,Yes
60,214.4905399565074,187.21562213594973,0.135986328125,0.094482421875,0.177490234375,2584.0,0.00043792350770641353,36.0,0.00043792350770641353,0.0,0.00043792350770641353,0.00043792350770641353,0.015380859375,Yes
61,303.06861148229217,68.76916816125468,0.0120849609375,0.025390625,0.005126953125,2584.0,0.0001631485868346071,36.0,0.0001631485868346071,0.0,0.0001631485868346071,0.0001631485868346071,0.0250244140625,Yes
62,106.03407904868216,51.93575310216733,0.4818115234375,0.9560546875,0.007568359375,2584.0,0.000578871373897386,36.0,0.000578871373897386,0.0,0.000578871373897386,0.000578871373897386,0.0108642578125,Yes
63,226.0353454560652,191.01477313191572,0.029052734375,0.03515625,0.02294921875,2584.0,0.0002522396674033952,36.0,0.0002522396674033952,0.0,0.0002522396674033952,0.0002522396674033952,0.3626708984375,Yes
64,272.94379002795773,87.74647845878293,0.01123046875,0.017578125,0.0048828125,2584.0,0.0005334049584798636,36.0,0.0005334049584798636,0.0,0.0005334049584798636,0.0005334049584798636,0.01171875,Yes
65,241.0170378286494,65.86703781068778,0.0211181640625,0.0322265625,0.010009765625,2584.0,0.0003614655981570253,36.0,0.0003614655981570253,0.0,0.0003614655981570253,0.0003614655981570253,0.0159912109375,Yes
66,59.10656064587748,46.73795755762692,0.011962890625,0.020751953125,0.003173828125,2584.0,0.000277615078832008,36.0,0.000277615078832008,0.0,0.000277615078832008,0.000277615078832008,0.0037841796875,Yes
67,243.36149126479268,54.33077563330242,0.041259765625,0.037353515625,0.045166015625,2584.0,0.0003975034189755307,36.0,0.0003975034189755307,0.0,0.0003975034189755307,0.0003975034189755307,0.02783203125,Yes
68,143.28165413419404,23.382857446603825,0.0205078125,0.039794921875,0.001220703125,2584.0,0.0007710385252063154,36.0,0.0007710385252063154,0.0,0.0007710385252063154,0.0007710385252063154,0.02294921875,Yes
69,176.9431588349733,21.708863630061057,0.0269775390625,0.036376953125,0.017578125,2584.0,0.00022603571694379153,36.0,0.00022603571694379153,0.0,0.00022603571694379153,0.00022603571694379153,0.0245361328125,Yes
70,124.86725385904842,21.840673194848176,0.0101318359375,0.017333984375,0.0029296875,2584.0,0.00027603954043659804,36.0,0.00027603954043659804,0.0,0.00027603954043659804,0.00027603954043659804,0.0262451171875,Yes
71,204.37258532019106,236.04181070463247,0.0064697265625,0.011962890625,0.0009765625,2584.0,0.00018147356569596238,36.0,0.00018147356569596238,0.0,0.00018147356569596238,0.00018147356569596238,0.0234375,Yes
72,156.51179223653764,10.180360924780993,0.0137939453125,0.026123046875,0.00146484375,2584.0,0.0003648057055040471,36.0,0.0003648057055040471,0.0,0.0003648057055040471,0.0003648057055040471,0.0360107421875,Yes
73,145.14653574007446,112.35367479472839,0.013916015625,0.021484375,0.00634765625,2584.0,0.00038970238505932385,36.0,0.00038970238505932385,0.0,0.00038970238505932385,0.00038970238505932385,0.025390625,Yes
74,92.43087851035935,13.541565873321385,0.017822265625,0.020751953125,0.014892578125,2584.0,0.00030565631141499255,36.0,0.00030565631141499255,0.0,0.00030565631141499255,0.00030565631141499255,0.0228271484375,Yes
75,357.453771319919,261.55686953816553,0.0029296875,0.003662109375,0.002197265625,2584.0,0.00023277568217021691,36.0,0.00023277568217021691,0.0,0.00023277568217021691,0.00023277568217021691,0.0313720703125,Yes
76,110.09121617020911,29.639875507394336,0.01171875,0.014892578125,0.008544921875,2584.0,0.0007395870732016905,36.0,0.0007395870732016905,0.0,0.0007395870732016905,0.0007395870732016905,0.0191650390625,Yes
77,178.78242660873903,36.8985182530958,0.0086669921875,0.01416015625,0.003173828125,2584.0,0.0010145687579989951,36.0,0.0010145687579989951,0.0,0.0010145687579989951,0.0010145687579989951,0.0068359375,Yes
78,158.61109208018073,165.77883287094338,0.0115966796875,0.00927734375,0.002685546875,2584.0,0.0003274930807345123,36.0,0.0003274930807345123,0.0,0.0003274930807345123,0.0003274930807345123,0.0123291015625,Yes
79,115.36959038788395,46.71865451446822,0.07763671875,0.094970703125,0.060302734375,2584.0,0.0005167219152149903,36.0,0.0005167219152149903,0.0,0.0005167219152149903,0.0005167219152149903,0.081298828125,Yes
80,172.66667657036848,47.10432890705275,0.01318359375,0.021728515625,0.004638671875,2584.0,0.00030253858305955277,36.0,0.00030253858305955277,0.0,0.00030253858305955277,0.00030253858305955277,0.015869140625,Yes
81,95.10611015120445,69.41087511921022,0.03076171875,0.0302734375,0.03125,2584.0,0.0010301579217410883,36.0,0.0010301579217410883,0.0,0.0010301579217410883,0.0010301579217410883,0.0443115234375,Yes
82,7.414657473463317,6.440762177221647,0.288330078125,0.52392578125,0.052734375,2584.0,1.0,36.0,1.0,0.0,1.0,1.0,0.3697509765625,Yes
83,115.05166724280681,65.32543804730838,0.1649169921875,0.276611328125,0.05322265625,2584.0,0.0006230725975065735,36.0,0.0006230725975065735,0.0,0.0006230725975065735,0.0006230725975065735,0.1328125,Yes
84,179.1694543835581,45.12361347444808,0.0111083984375,0.01953125,0.002685546875,2584.0,0.00052497431388907,36.0,0.00052497431388907,0.0,0.00052497431388907,0.00052497431388907,0.0115966796875,Yes
85,82.6285529255864,64.88679186584736,0.0054931640625,0.007568359375,0.00341796875,2584.0,0.00023325695590018707,36.0,0.00023325695590018707,0.0,0.00023325695590018707,0.00023325695590018707,0.0048828125,Yes
86,152.40946311056894,41.21141818960994,0.0103759765625,0.017578125,0.003173828125,2584.0,0.00045977082471094984,36.0,0.00045977082471094984,0.0,0.00045977082471094984,0.00045977082471094984,0.0196533203125,Yes
87,221.2270709414399,187.87238521657824,0.005859375,0.0078125,0.00390625,2584.0,0.00032547147302850875,36.0,0.00032547147302850875,0.0,0.00032547147302850875,0.00032547147302850875,0.0086669921875,Yes
88,181.17130065746676,148.48695778374463,0.021728515625,0.021484375,0.02197265625,2584.0,0.0001772341092078406,36.0,0.0001772341092078406,0.0,0.0001772341092078406,0.0001772341092078406,0.015869140625,Yes
89,318.19841658247503,229.87469080029058,0.01611328125,0.030517578125,0.001708984375,2584.0,0.00022190001091356178,36.0,0.00022190001091356178,0.0,0.00022190001091356178,0.00022190001091356178,0.016845703125,Yes
90,67.27316280056026,60.161109623347954,0.0711669921875,0.057861328125,0.08447265625,2584.0,0.0005848377008672594,36.0,0.0005848377008672594,0.0,0.0005848377008672594,0.0005848377008672594,0.0843505859375,Yes
91,153.66032826146645,214.6650570703766,0.0057373046875,0.009033203125,0.00244140625,2584.0,0.00040081506595162665,36.0,0.00040081506595162665,0.0,0.00040081506595162665,0.00040081506595162665,0.009765625,Yes
92,295.3781687722669,291.49381375856825,0.004150390625,0.008056640625,0.000244140625,2584.0,0.00028999018061985404,36.0,0.00028999018061985404,0.0,0.00028999018061985404,0.00028999018061985404,0.009033203125,Yes
93,305.23662644138676,233.73610667345892,0.005126953125,0.0078125,0.00244140625,2584.0,0.0002122861025047992,36.0,0.0002122861025047992,0.0,0.0002122861025047992,0.0002122861025047992,0.0125732421875,Yes
94,177.90114156859443,100.43543881090523,0.0089111328125,0.012939453125,0.0048828125,2584.0,7.72707329268876e-05,36.0,7.72707329268876e-05,0.0,7.72707329268876e-05,7.72707329268876e-05,0.00732421875,Yes
95,169.4979272464371,241.72440674857384,0.010986328125,0.0205078125,0.001708984375,2584.0,0.000630422288719354,36.0,0.000630422288719354,0.0,0.000630422288719354,0.000630422288719354,0.0052490234375,Yes
96,164.7543444553998,44.55698691489968,0.051025390625,0.05419921875,0.0478515625,2584.0,0.0006540588501748602,36.0,0.0006540588501748602,0.0,0.0006540588501748602,0.0006540588501748602,0.077880859375,Yes
97,253.84916850080083,48.48749940231116,0.0089111328125,0.01513671875,0.002685546875,2584.0,0.00025536803744023853,36.0,0.00025536803744023853,0.0,0.00025536803744023853,0.00025536803744023853,0.0225830078125,Yes
98,284.1419675394937,63.1641098875418,0.0052490234375,0.007568359375,0.0029296875,2584.0,0.0003772701927347683,36.0,0.0003772701927347683,0.0,0.0003772701927347683,0.0003772701927347683,0.0059814453125,Yes
99,141.6645486138077,26.773608537684872,0.032470703125,0.05224609375,0.0126953125,2584.0,0.00021961245575565682,36.0,0.00021961245575565682,0.0,0.00021961245575565682,0.00021961245575565682,0.0128173828125,Yes
100,124.37307825368546,89.65252617894099,0.00830078125,0.015869140625,0.000732421875,2584.0,0.0005935348691787607,36.0,0.0005935348691787607,0.0,0.0005935348691787607,0.0005935348691787607,0.0076904296875,Yes
101,140.27995421704628,68.46920174845347,0.014892578125,0.02001953125,0.009765625,2584.0,0.00041545247972590437,36.0,0.00041545247972590437,0.0,0.00041545247972590437,0.00041545247972590437,0.0103759765625,Yes
102,96.13867868226605,14.934998291305504,0.03515625,0.067626953125,0.002685546875,2584.0,0.00039142346459763495,36.0,0.00039142346459763495,0.0,0.00039142346459763495,0.00039142346459763495,0.01708984375,Yes
103,101.38928882632749,83.74484498809275,0.01953125,0.037841796875,0.001220703125,2584.0,0.0003913024154318932,36.0,0.0003913024154318932,0.0,0.0003913024154318932,0.0003913024154318932,0.0882568359375,Yes
104,310.80859281594167,241.35078603454915,0.006103515625,0.008056640625,0.004150390625,2584.0,0.00018008268097397632,36.0,0.00018008268097397632,0.0,0.00018008268097397632,0.00018008268097397632,0.010009765625,Yes
105,133.86823986744906,94.40238918972567,0.0111083984375,0.018310546875,0.00390625,2584.0,0.0002402964247473562,36.0,0.0002402964247473562,0.0,0.0002402964247473562,0.0002402964247473562,0.0062255859375,Yes
106,182.11267379021982,120.50426561725384,0.010498046875,0.011962890625,0.009033203125,2584.0,0.00030468433385386843,36.0,0.00030468433385386843,0.0,0.00030468433385386843,0.00030468433385386843,0.01904296875,Yes
107,257.64235505617967,252.3545216810217,0.0238037109375,0.044677734375,0.0029296875,2584.0,0.0003020465341911328,36.0,0.0003020465341911328,0.0,0.0003020465341911328,0.0003020465341911328,0.0072021484375,Yes
108,116.37248423840657,110.8522975851019,0.0155029296875,0.024169921875,0.0068359375,2584.0,0.0008576841226847834,36.0,0.0008576841226847834,0.0,0.0008576841226847834,0.0008576841226847834,0.021240234375,Yes
109,275.7657510379447,106.89039201787664,0.005126953125,0.00927734375,0.0009765625,2584.0,0.00012562568754563818,36.0,0.00012562568754563818,0.0,0.00012562568754563818,0.00012562568754563818,0.0234375,Yes
110,273.34085526367306,290.1318083322329,0.0159912109375,0.0146484375,0.017333984375,2584.0,0.00048314524680011266,36.0,0.00048314524680011266,0.0,0.00048314524680011266,0.00048314524680011266,0.0238037109375,Yes
111,191.91695882148719,132.6848714191198,0.022216796875,0.038330078125,0.006103515625,2584.0,0.00025262841895639407,36.0,0.00025262841895639407,0.0,0.00025262841895639407,0.00025262841895639407,0.0201416015625,Yes
112,326.3757835698191,176.79674278885156,0.0045166015625,0.01025390625,0.00244140625,2584.0,0.00046367221701715147,36.0,0.00046367221701715147,0.0,0.00046367221701715147,0.00046367221701715147,0.0115966796875,Yes
113,177.87628287120592,121.1111020107495,0.457275390625,0.90185546875,0.0126953125,2584.0,1.0,36.0,1.0,0.0,1.0,1.0,0.346435546875,Yes
114,227.9720821528672,262.087610776848,0.005126953125,0.009033203125,0.001220703125,2584.0,0.0002114763158633191,36.0,0.0002114763158633191,0.0,0.0002114763158633191,0.0002114763158633191,0.0064697265625,Yes
115,178.3918276883667,78.88292327561055,0.01611328125,0.01416015625,0.01806640625,2584.0,0.00012396198748959423,36.0,0.00012396198748959423,0.0,0.00012396198748959423,0.00012396198748959423,0.0167236328125,Yes
116,78.88510681359041,44.89244119830195,0.0206298828125,0.024169921875,0.01708984375,2584.0,0.0008776885172951759,36.0,0.0008776885172951759,0.0,0.0008776885172951759,0.0008776885172951759,0.0130615234375,Yes
117,224.80295137380827,9.257876239278525,0.01025390625,0.0146484375,0.005859375,2584.0,0.0004931113258198245,36.0,0.0004931113258198245,0.0,0.0004931113258198245,0.0004931113258198245,0.0145263671875,Yes
118,181.9479362842026,67.6003710866343,0.0076904296875,0.01220703125,0.003173828125,2584.0,0.00022606000188160301,36.0,0.00022606000188160301,0.0,0.00022606000188160301,0.00022606000188160301,0.0391845703125,Yes
119,280.6499758912672,75.6274732378708,0.1978759765625,0.381103515625,0.0146484375,2584.0,1.0,36.0,1.0,0.0,1.0,1.0,0.1768798828125,Yes
120,127.07879943176124,57.80697193608974,0.0107421875,0.018798828125,0.002685546875,2584.0,0.00024644666367666066,36.0,0.00024644666367666066,0.0,0.00024644666367666066,0.00024644666367666066,0.009765625,Yes
121,130.1826770641601,177.81076966859047,0.0274658203125,0.048095703125,0.0068359375,2584.0,0.0005656407577128203,36.0,0.0005656407577128203,0.0,0.0005656407577128203,0.0005656407577128203,0.0469970703125,Yes
122,142.7931459840105,15.694238937458367,0.0068359375,0.01123046875,0.00244140625,2584.0,0.00028750306977731103,36.0,0.00028750306977731103,0.0,0.00028750306977731103,0.00028750306977731103,0.0064697265625,Yes
123,162.58405558693255,76.77139322014133,0.0128173828125,0.025146484375,0.00048828125,2584.0,0.00021484888726947527,36.0,0.00021484888726947527,0.0,0.00021484888726947527,0.00021484888726947527,0.09326171875,Yes
124,129.32608306290754,137.93734608659318,0.005859375,0.01123046875,0.00048828125,2584.0,0.0005498305341860366,36.0,0.0005498305341860366,0.0,0.0005498305341860366,0.0005498305341860366,0.007080078125,Yes
125,196.80962992346474,68.73930960349045,0.0054931640625,0.009765625,0.001220703125,2584.0,0.000530174968069964,36.0,0.000530174968069964,0.0,0.000530174968069964,0.000530174968069964,0.00634765625,Yes
126,185.88978548862167,31.609423222359965,0.010986328125,0.019775390625,0.002197265625,2584.0,0.00044126392818720776,36.0,0.00044126392818720776,0.0,0.00044126392818720776,0.00044126392818720776,0.0057373046875,Yes
127,228.3637412835176,22.52038077011836,0.0263671875,0.025146484375,0.027587890625,2584.0,0.0002525247527200689,36.0,0.0002525247527200689,0.0,0.0002525247527200689,0.0002525247527200689,0.025146484375,Yes
128,345.23827651150776,298.7468723834292,0.0108642578125,0.011474609375,0.01025390625,2584.0,0.00037466092965589954,36.0,0.00037466092965589954,0.0,0.00037466092965589954,0.00037466092965589954,0.01171875,Yes
129,285.25412587397824,263.5402050302193,0.0064697265625,0.01318359375,0.00244140625,2584.0,0.0002316894094288928,36.0,0.0002316894094288928,0.0,0.0002316894094288928,0.0002316894094288928,0.005859375,Yes
130,322.9729925580698,16.288825214895343,0.50048828125,0.53955078125,0.46142578125,2584.0,1.0,36.0,1.0,0.0,1.0,1.0,0.49365234375,Yes
131,279.98967618888986,146.61124067837443,0.0084228515625,0.013671875,0.003173828125,2584.0,0.0001873473006895519,36.0,0.0001873473006895519,0.0,0.0001873473006895519,0.0001873473006895519,0.071044921875,Yes
132,324.89966353000324,81.8838593956078,0.0052490234375,0.009033203125,0.00146484375,2584.0,0.00014418208609042897,36.0,0.00014418208609042897,0.0,0.00014418208609042897,0.00014418208609042897,0.00537109375,Yes
133,160.23806964504487,152.7744221184696,0.010986328125,0.018798828125,0.003173828125,2584.0,0.00029542237203902,36.0,0.00029542237203902,0.0,0.00029542237203902,0.00029542237203902,0.01025390625,Yes
134,364.08143780293346,111.65375217646947,0.007080078125,0.01220703125,0.001953125,2584.0,0.00010780337777305424,36.0,0.00010780337777305424,0.0,0.00010780337777305424,0.00010780337777305424,0.0052490234375,Yes
135,390.8951416026893,83.04563298869445,0.0390625,0.02880859375,0.04931640625,2584.0,0.00012133436817584302,36.0,0.00012133436817584302,0.0,0.00012133436817584302,0.00012133436817584302,0.036376953125,Yes
136,230.87302268285143,180.71575460659665,0.0054931640625,0.010498046875,0.00048828125,2584.0,0.0003785655236773445,36.0,0.0003785655236773445,0.0,0.0003785655236773445,0.0003785655236773445,0.0050048828125,Yes
137,196.36992435298978,96.62756248828038,0.011962890625,0.0205078125,0.00341796875,2584.0,0.0005754653062167169,36.0,0.0005754653062167169,0.0,0.0005754653062167169,0.0005754653062167169,0.0072021484375,Yes
138,266.8084024695702,219.05714006071307,0.014892578125,0.01708984375,0.0126953125,2584.0,0.00040236594215055735,36.0,0.00040236594215055735,0.0,0.00040236594215055735,0.00040236594215055735,0.0184326171875,Yes
139,161.98493556353057,173.68860975659038,0.004638671875,0.006103515625,0.003173828125,2584.0,0.00022339167656353027,36.0,0.00022339167656353027,0.0,0.00022339167656353027,0.00022339167656353027,0.006103515625,Yes
140,306.8271653030574,50.75667381404241,0.015625,0.026123046875,0.005126953125,2584.0,0.00042814173870484577,36.0,0.00042814173870484577,0.0,0.00042814173870484577,0.00042814173870484577,0.0108642578125,Yes
141,385.42505315538887,246.23235714545854,0.008056640625,0.008056640625,0.008056640625,2584.0,0.00034727320714876726,36.0,0.00034727320714876726,0.0,0.00034727320714876726,0.00034727320714876726,0.008056640625,Yes
142,169.16584725606464,174.6133730047647,0.008056640625,0.006591796875,0.009521484375,2584.0,0.001390457316289552,36.0,0.001390457316289552,0.0,0.001390457316289552,0.001390457316289552,0.0162353515625,Yes
143,97.84453042619556,45.50186994226463,0.0108642578125,0.0146484375,0.007080078125,2584.0,0.00044413046114064985,36.0,0.00044413046114064985,0.0,0.00044413046114064985,0.00044413046114064985,0.0179443359375,Yes
144,93.42368235189616,62.18848941107389,0.0128173828125,0.024658203125,0.0009765625,2584.0,0.000680410861287385,36.0,0.000680410861287385,0.0,0.000680410861287385,0.000680410861287385,0.010009765625,Yes
145,160.91219696652385,161.439205222042,0.3099365234375,0.616455078125,0.00341796875,2584.0,0.000480444514956647,36.0,0.000480444514956647,0.0,0.000480444514956647,0.000480444514956647,0.0111083984375,Yes
146,152.52470916568285,47.744374673772654,0.0045166015625,0.00732421875,0.00146484375,2584.0,0.00039335583388934117,36.0,0.00039335583388934117,0.0,0.00039335583388934117,0.00039335583388934117,0.00537109375,Yes
147,309.0017053937891,153.21048686723793,0.0064697265625,0.0078125,0.005126953125,2584.0,0.0003460780503761673,36.0,0.0003460780503761673,0.0,0.0003460780503761673,0.0003460780503761673,0.005126953125,Yes
148,172.25254756005097,112.7321968644939,0.0118408203125,0.020751953125,0.0029296875,2584.0,0.00018503176147854642,36.0,0.00018503176147854642,0.0,0.00018503176147854642,0.00018503176147854642,0.009521484375,Yes
149,162.1676789060207,98.71335773925657,0.0089111328125,0.011962890625,0.005859375,2584.0,0.00027897742039635935,36.0,0.00027897742039635935,0.0,0.00027897742039635935,0.00027897742039635935,0.4482421875,Yes
150,98.09432001610413,83.3308616058544,0.0250244140625,0.04443359375,0.005615234375,2584.0,0.0003054207831179934,36.0,0.0003054207831179934,0.0,0.0003054207831179934,0.0003054207831179934,0.015625,Yes
151,260.3247348033427,83.48130192274917,0.0103759765625,0.017333984375,0.00341796875,2584.0,0.0003349123848344884,36.0,0.0003349123848344884,0.0,0.0003349123848344884,0.0003349123848344884,0.007080078125,Yes
152,296.07658706209855,222.94941474912446,0.0396728515625,0.035400390625,0.0439453125,2584.0,0.0003035899921090438,36.0,0.0003035899921090438,0.0,0.0003035899921090438,0.0003035899921090438,0.0498046875,Yes
153,178.47284918951044,201.84369455577806,0.004150390625,0.007080078125,0.001220703125,2584.0,0.00032870242895693876,36.0,0.00032870242895693876,0.0,0.00032870242895693876,0.00032870242895693876,0.0057373046875,Yes
154,266.71099229255856,20.66302853362664,0.0062255859375,0.009765625,0.002685546875,2584.0,0.0004662064862400796,36.0,0.0004662064862400796,0.0,0.0004662064862400796,0.0004662064862400796,0.00830078125,Yes
155,373.6486584688559,167.06596829276836,0.0059814453125,0.005615234375,0.00634765625,2584.0,0.00026999999486396865,36.0,0.00026999999486396865,0.0,0.00026999999486396865,0.00026999999486396865,0.0096435546875,Yes
