subset,mean_HOP,hop_error
"(2, 3, 4, 5, 6, 16)",0.8320000000000001,0.03738662862575334
"(4, 5, 6, 7, 8, 9)",0.8318000000000001,0.03740437942273604
"(4, 5, 6, 7, 8, 17)",0.8305999999999999,0.037510483867846875
"(3, 4, 5, 6, 7, 16)",0.8304,0.03752810147076455
"(2, 3, 4, 5, 6, 7)",0.83,0.0375632799419859
"(3, 4, 5, 6, 7, 8)",0.8284999999999999,0.037694528780713
"(7, 8, 9, 10, 11, 12)",0.8284999999999999,0.037694528780713
"(0, 1, 2, 3, 4, 5)",0.8270000000000001,0.03782472736187267
"(6, 7, 8, 9, 10, 17)",0.8262999999999999,0.03788513032840194
"(1, 2, 3, 4, 5, 16)",0.8257000000000001,0.037936724950896845
"(5, 6, 7, 8, 9, 10)",0.8252999999999997,0.03797102974637377
"(3, 4, 5, 6, 7, 17)",0.8245999999999999,0.0380308874469161
"(5, 6, 7, 8, 9, 17)",0.8245,0.03803942034258671
"(0, 1, 2, 3, 4, 16)",0.8240999999999999,0.0380735065366982
"(5, 6, 7, 8, 17, 27)",0.8236999999999999,0.03810752025519373
"(131, 132, 133, 134, 138, 151)",0.8234,0.038132983098624736
"(3, 4, 5, 6, 16, 23)",0.8233999999999999,0.03813298309862475
"(3, 16, 21, 22, 23, 24)",0.8229,0.03817533103982204
"(2, 3, 4, 5, 16, 23)",0.8227,0.03819223874035142
"(0, 1, 2, 3, 16, 23)",0.8222999999999999,0.03822600031392247
"(7, 8, 9, 10, 17, 27)",0.8220000000000002,0.03825127448857095
"(97, 103, 104, 105, 106, 107)",0.8217,0.03827650846145714
"(131, 138, 150, 151, 152, 153)",0.8216999999999999,0.03827650846145715
"(14, 15, 19, 33, 34, 35)",0.8216999999999999,0.03827650846145715
"(3, 4, 5, 16, 22, 23)",0.8214000000000001,0.03830170231203829
"(97, 107, 108, 109, 110, 118)",0.8210000000000002,0.03833523183704513
"(2, 3, 4, 16, 23, 24)",0.8206,0.0383686903607616
"(6, 7, 8, 9, 17, 27)",0.8205000000000001,0.038377043919509995
"(2, 3, 16, 21, 22, 23)",0.8199,0.03842707248802594
"(1, 2, 3, 16, 23, 24)",0.8198000000000001,0.03843539514562065
"(138, 151, 152, 153, 154, 155)",0.8194,0.03846864177482746
"(1, 2, 3, 4, 5, 6)",0.8193,0.03847694244609361
"(15, 19, 32, 33, 34, 35)",0.8184999999999999,0.03854319005998337
"(138, 150, 151, 152, 153, 154)",0.8183,0.038559708245784224
"(4, 5, 6, 7, 17, 27)",0.8181,0.038576208989479506
"(1, 2, 3, 16, 22, 23)",0.818,0.03858445282753146
"(1, 2, 3, 4, 16, 23)",0.8177000000000002,0.03860915823998237
"(131, 132, 138, 151, 152, 153)",0.8175999999999999,0.038617384686174705
"(78, 87, 88, 89, 97, 107)",0.8173000000000001,0.0386420379897334
"(2, 3, 16, 23, 24, 25)",0.8170000000000002,0.038666652298847894
"(150, 151, 152, 153, 154, 155)",0.8169999999999998,0.038666652298847914
"(3, 4, 16, 22, 23, 24)",0.8168000000000001,0.03868304021144149
"(2, 3, 16, 22, 23, 24)",0.8168000000000001,0.03868304021144149
"(87, 97, 104, 105, 106, 107)",0.8168000000000001,0.03868304021144149
"(84, 85, 86, 87, 97, 107)",0.8166,0.038699410848228685
"(3, 4, 5, 16, 23, 24)",0.8163999999999999,0.03871576423112426
"(125, 126, 127, 137, 146, 147)",0.8162999999999999,0.03872393445919462
"(6, 7, 8, 9, 10, 11)",0.8161000000000002,0.03874026200221159
"(7, 8, 9, 17, 27, 28)",0.8161,0.038740262002211596
"(97, 105, 106, 107, 108, 109)",0.8159000000000002,0.03875657234586153
"(138, 149, 150, 151, 152, 153)",0.8157000000000001,0.0387728655118499
"(106, 107, 108, 109, 110, 118)",0.8157000000000001,0.0387728655118499
"(3, 4, 16, 23, 24, 25)",0.8156000000000002,0.03878100565998771
"(3, 16, 20, 21, 22, 23)",0.8155999999999998,0.038781005659987745
"(69, 70, 71, 72, 78, 89)",0.8154999999999997,0.038789141521822855
"(97, 106, 107, 108, 109, 110)",0.8153999999999999,0.03879727310005177
"(131, 138, 151, 152, 153, 154)",0.8152999999999999,0.03880540039736738
"(97, 104, 105, 106, 107, 117)",0.8146,0.03886217183843435
"(103, 104, 105, 106, 107, 117)",0.8145000000000002,0.03887026498494702
"(54, 55, 59, 73, 74, 75)",0.8144,0.03887835387461768
"(78, 89, 90, 91, 92, 98)",0.8142999999999998,0.03888643851010274
"(2, 3, 4, 16, 22, 23)",0.8141999999999999,0.038894518894054986
"(87, 97, 107, 108, 109, 118)",0.8140999999999998,0.038902595029123715
"(97, 106, 107, 108, 109, 118)",0.8140000000000001,0.038910666917954514
"(139, 151, 152, 153, 154, 155)",0.814,0.03891066691795452
"(105, 106, 107, 108, 109, 110)",0.814,0.03891066691795452
"(6, 7, 8, 17, 27, 28)",0.8136999999999999,0.03893485713342224
"(77, 85, 86, 87, 97, 107)",0.8134999999999999,0.038950962760886935
"(78, 89, 90, 91, 92, 93)",0.8134,0.038959009227648486
"(12, 13, 14, 15, 19, 35)",0.8133999999999999,0.03895900922764849
"(85, 86, 87, 97, 106, 107)",0.8133,0.038967051466591615
"(126, 127, 137, 146, 147, 148)",0.8131999999999999,0.038975089480333465
"(78, 85, 86, 87, 88, 89)",0.8131999999999998,0.03897508948033348
"(91, 92, 98, 109, 110, 111)",0.8131,0.03898312327148762
"(138, 147, 148, 149, 150, 151)",0.8130000000000002,0.03899115284266418
"(104, 105, 106, 107, 108, 109)",0.8129,0.03899917819646973
"(8, 9, 10, 11, 12, 18)",0.8128,0.03900719933550729
"(7, 8, 9, 10, 11, 18)",0.8127999999999999,0.039007199335507295
"(20, 21, 22, 23, 24, 25)",0.8127999999999997,0.0390071993355073
"(3, 4, 16, 21, 22, 23)",0.8127000000000002,0.03901521626237638
"(6, 7, 17, 27, 28, 29)",0.8123999999999998,0.039039241795916085
"(13, 14, 15, 19, 34, 35)",0.8123,0.03904724190003693
"(58, 69, 70, 71, 72, 73)",0.8122000000000001,0.03905523780493468
"(147, 148, 149, 150, 151, 152)",0.8122000000000001,0.03905523780493468
"(91, 92, 98, 110, 111, 112)",0.8122,0.03905523780493469
"(131, 132, 138, 150, 151, 152)",0.8120999999999999,0.03906322951318798
"(16, 21, 22, 23, 24, 25)",0.812,0.03907121702737195
"(146, 147, 148, 149, 150, 151)",0.8119,0.039079200350058345
"(27, 28, 29, 30, 38, 49)",0.8119,0.039079200350058345
"(137, 147, 148, 149, 150, 151)",0.8118000000000001,0.0390871794838154
"(3, 16, 22, 23, 24, 25)",0.8118000000000001,0.0390871794838154
"(107, 108, 109, 110, 111, 118)",0.8116999999999998,0.039095154431207986
"(16, 20, 21, 22, 23, 24)",0.8116,0.03910312519479741
"(131, 132, 138, 149, 150, 151)",0.8114000000000001,0.03911905418079532
"(127, 137, 147, 148, 149, 150)",0.8112999999999999,0.03912701240830944
"(137, 146, 147, 148, 149, 150)",0.8112,0.0391349664622317
"(86, 87, 97, 105, 106, 107)",0.8109000000000002,0.0391588036078734
"(105, 106, 107, 108, 109, 118)",0.8108999999999998,0.03915880360787343
"(134, 135, 139, 153, 154, 155)",0.8105000000000001,0.03919052819240893
"(87, 97, 105, 106, 107, 117)",0.8104999999999998,0.03919052819240896
"(131, 138, 148, 149, 150, 151)",0.8102000000000001,0.03921427801196905
"(131, 132, 133, 138, 150, 151)",0.8101999999999999,0.03921427801196906
"(15, 19, 33, 34, 35, 39)",0.8101,0.03922218632355927
"(87, 88, 97, 105, 106, 107)",0.8100999999999999,0.039222186323559276
"(58, 69, 70, 71, 78, 89)",0.81,0.03923009049186606
"(131, 138, 149, 150, 151, 152)",0.81,0.03923009049186606
"(87, 97, 106, 107, 108, 109)",0.8097999999999999,0.03924588640864162
"(97, 107, 108, 109, 110, 111)",0.8097999999999999,0.03924588640864162
"(89, 90, 91, 92, 93, 98)",0.8095000000000002,0.03926954927166849
"(69, 78, 89, 90, 91, 92)",0.8094999999999999,0.03926954927166851
"(102, 103, 104, 105, 106, 107)",0.8094000000000001,0.0392774286327402
"(104, 105, 106, 107, 108, 117)",0.8094,0.039277428632740204
"(5, 6, 7, 17, 27, 28)",0.8092999999999999,0.03928530386798606
"(91, 92, 93, 94, 98, 111)",0.8092999999999998,0.039285303867986066
"(91, 98, 109, 110, 111, 118)",0.8092,0.03929317497988677
"(86, 87, 97, 107, 108, 109)",0.8090999999999999,0.03930104197091981
"(7, 8, 17, 27, 28, 29)",0.8090999999999998,0.03930104197091982
"(77, 84, 85, 86, 87, 97)",0.8089999999999997,0.039308904843559325
"(97, 104, 105, 106, 107, 108)",0.8086,0.0393403151995507
"(91, 92, 93, 98, 110, 111)",0.8086,0.0393403151995507
"(86, 87, 97, 106, 107, 108)",0.8085,0.039348157517220546
"(125, 126, 127, 137, 147, 148)",0.8085,0.039348157517220546
"(9, 10, 11, 12, 13, 14)",0.8085,0.039348157517220546
"(77, 85, 86, 87, 88, 89)",0.8083000000000001,0.039363829844160224
"(106, 107, 108, 109, 118, 129)",0.8082,0.03937165985832957
"(131, 132, 133, 138, 151, 152)",0.8080000000000002,0.039387307600291736
"(69, 78, 89, 90, 91, 98)",0.8079999999999999,0.03938730760029175
"(7, 17, 27, 28, 29, 38)",0.8079999999999999,0.03938730760029175
"(58, 70, 71, 72, 73, 74)",0.8079999999999999,0.03938730760029175
"(132, 133, 134, 135, 139, 155)",0.8077000000000001,0.0394107485338708
"(131, 132, 133, 134, 135, 139)",0.8075999999999998,0.03941855400696481
"(101, 102, 103, 104, 105, 106)",0.8075000000000001,0.03942635539838801
"(127, 137, 146, 147, 148, 149)",0.8075,0.03942635539838802
"(68, 69, 70, 71, 78, 89)",0.8074999999999999,0.03942635539838803
"(87, 88, 89, 97, 106, 107)",0.8073,0.039441945945908906
"(87, 88, 89, 97, 107, 108)",0.8071,0.03945752019577509
"(98, 109, 110, 111, 112, 118)",0.8071,0.03945752019577509
"(85, 86, 87, 97, 107, 108)",0.8070999999999999,0.03945752019577511
"(7, 8, 9, 10, 11, 17)",0.8069999999999997,0.03946530121511809
"(78, 88, 89, 90, 91, 98)",0.8069000000000003,0.039473078167277485
"(91, 92, 93, 98, 111, 112)",0.8069000000000002,0.03947307816727749
"(97, 105, 106, 107, 117, 125)",0.8069,0.039473078167277506
"(103, 104, 105, 106, 117, 125)",0.8068000000000001,0.03948085105465686
"(127, 128, 137, 146, 147, 148)",0.8067999999999997,0.03948085105465688
"(3, 16, 23, 24, 25, 37)",0.8067,0.03948861987965647
"(108, 109, 110, 111, 112, 118)",0.8067,0.03948861987965647
"(89, 90, 91, 92, 98, 111)",0.8066999999999999,0.039488619879656475
"(78, 89, 90, 91, 98, 111)",0.8066000000000001,0.039496384644673484
"(91, 98, 109, 110, 111, 112)",0.8065000000000002,0.039504145352101956
"(97, 107, 108, 109, 118, 129)",0.8064999999999999,0.039504145352101984
"(149, 150, 151, 152, 153, 154)",0.8064999999999998,0.03950414535210199
"(107, 108, 109, 110, 111, 112)",0.8062999999999999,0.03951965460375382
"(103, 104, 105, 106, 107, 108)",0.8061999999999999,0.03952740315274962
"(135, 139, 152, 153, 154, 155)",0.8061,0.03953514765370176
"(68, 69, 70, 71, 72, 78)",0.806,0.0395428881089887
"(69, 70, 71, 78, 88, 89)",0.8059999999999999,0.039542888108988705
"(19, 32, 33, 34, 35, 39)",0.8059000000000002,0.03955062452098575
"(87, 97, 107, 108, 109, 110)",0.8058999999999998,0.03955062452098577
"(78, 86, 87, 88, 89, 97)",0.8057000000000002,0.039566085224596065
"(17, 27, 28, 29, 30, 38)",0.8055000000000001,0.0395815297834735
"(27, 28, 29, 38, 49, 50)",0.8054000000000001,0.03958924601454288
"(104, 105, 106, 107, 117, 125)",0.8054000000000001,0.03958924601454288
"(103, 104, 105, 117, 125, 126)",0.8052000000000001,0.03960466639172711
"(11, 12, 13, 14, 15, 19)",0.8051,0.039612370542546425
"(69, 70, 71, 78, 89, 90)",0.8050999999999999,0.03961237054254643
"(88, 89, 90, 91, 92, 93)",0.8050000000000002,0.03962007067131505
"(126, 127, 128, 137, 146, 147)",0.805,0.03962007067131506
"(9, 10, 11, 12, 13, 18)",0.8049,0.039627766780377625
"(11, 12, 13, 14, 15, 18)",0.8048000000000001,0.03963545887207564
"(124, 125, 126, 127, 137, 147)",0.8048000000000001,0.03963545887207564
"(58, 69, 70, 71, 72, 78)",0.8047000000000001,0.03964314694874765
"(90, 91, 92, 98, 111, 112)",0.8047,0.039643146948747654
"(73, 79, 91, 92, 93, 98)",0.8046999999999999,0.03964314694874766
"(98, 109, 110, 111, 118, 129)",0.8042999999999999,0.03967385915183952
"(67, 68, 69, 70, 78, 89)",0.8040999999999999,0.03968919122380803
"(28, 29, 30, 38, 49, 50)",0.8040999999999999,0.03968919122380803
"(131, 132, 133, 134, 135, 138)",0.8040999999999999,0.03968919122380803
"(58, 68, 69, 70, 71, 78)",0.8040999999999998,0.03968919122380804
"(148, 149, 150, 151, 152, 153)",0.8040999999999998,0.03968919122380804
"(125, 126, 127, 128, 137, 147)",0.8038000000000001,0.039712159346980865
"(90, 91, 92, 93, 94, 95)",0.8037999999999998,0.03971215934698088
"(109, 110, 111, 112, 118, 129)",0.8037000000000001,0.03971980740134574
"(69, 78, 86, 87, 88, 89)",0.8037000000000001,0.03971980740134574
"(136, 140, 141, 142, 143, 144)",0.8035000000000001,0.0397350915438734
"(44, 45, 46, 47, 57, 67)",0.8034999999999998,0.039735091543873426
"(89, 90, 91, 98, 110, 111)",0.8031,0.039765612028485116
"(69, 78, 87, 88, 89, 97)",0.8031,0.039765612028485116
"(98, 108, 109, 110, 111, 118)",0.8029000000000002,0.039780848407242386
"(101, 102, 103, 104, 105, 117)",0.8029000000000001,0.03978084840724239
"(77, 84, 85, 86, 87, 88)",0.8029,0.0397808484072424
"(106, 107, 108, 109, 110, 111)",0.8029,0.0397808484072424
"(66, 67, 68, 69, 78, 89)",0.8028,0.03978846063873293
"(16, 22, 23, 24, 25, 37)",0.8027999999999998,0.039788460638732946
"(87, 97, 105, 106, 107, 108)",0.8027,0.03979606890133748
"(104, 105, 117, 125, 126, 127)",0.8025999999999999,0.03980367319733194
"(91, 98, 108, 109, 110, 111)",0.8025,0.03981127352898925
"(127, 128, 137, 147, 148, 149)",0.8024,0.03981886989857949
"(10, 11, 12, 13, 14, 15)",0.8023000000000002,0.03982646230836978
"(47, 57, 66, 67, 68, 69)",0.8023,0.039826462308369795
"(133, 134, 135, 139, 154, 155)",0.8022999999999999,0.0398264623083698
"(10, 11, 12, 13, 14, 18)",0.8022,0.03983405076062438
"(69, 70, 78, 89, 90, 91)",0.8021999999999998,0.0398340507606244
"(105, 106, 107, 108, 109, 117)",0.8021999999999998,0.0398340507606244
"(87, 88, 89, 90, 97, 107)",0.8020999999999998,0.03984163525760459
"(103, 104, 105, 117, 124, 125)",0.8020999999999998,0.03984163525760459
"(85, 86, 87, 88, 89, 97)",0.8019,0.03985679239477257
"(109, 110, 111, 118, 128, 129)",0.8018000000000001,0.03986436503946852
"(89, 90, 91, 98, 111, 112)",0.8016,0.039879498492333125
"(70, 71, 72, 73, 74, 75)",0.8016,0.039879498492333125
"(126, 127, 128, 137, 147, 148)",0.8014999999999999,0.039887059304992645
"(55, 59, 72, 73, 74, 75)",0.8014,0.03989461617812609
"(102, 103, 104, 105, 106, 117)",0.8012999999999999,0.03990216911397174
"(45, 46, 47, 57, 66, 67)",0.8012,0.03990971811476498
"(17, 27, 28, 29, 38, 49)",0.8012,0.03990971811476498
"(98, 107, 108, 109, 110, 111)",0.8011999999999999,0.039909718114764986
"(78, 88, 89, 90, 91, 92)",0.8009000000000001,0.039932341529141505
"(96, 103, 104, 105, 106, 107)",0.8008,0.03993987481202214
"(91, 92, 93, 94, 95, 98)",0.8007000000000001,0.03994740417098462
"(105, 106, 117, 124, 125, 126)",0.8007000000000001,0.03994740417098462
"(87, 88, 97, 106, 107, 108)",0.8005999999999998,0.039954929608247355
"(86, 87, 88, 89, 97, 107)",0.8003999999999999,0.03996996872653268
"(88, 89, 90, 91, 92, 98)",0.8002000000000002,0.039984992184568434
"(90, 91, 98, 109, 110, 111)",0.8002000000000001,0.03998499218456844
"(69, 70, 71, 72, 73, 78)",0.8001,0.039992498046508666
"(57, 67, 68, 69, 78, 89)",0.8000999999999999,0.03999249804650868
"(107, 108, 109, 118, 128, 129)",0.8000999999999999,0.03999249804650868
"(57, 66, 67, 68, 69, 78)",0.8000999999999999,0.03999249804650868
"(58, 68, 69, 70, 71, 72)",0.7998999999999999,0.0400074980472411
"(7, 17, 27, 28, 29, 30)",0.7998999999999999,0.0400074980472411
"(57, 67, 68, 69, 70, 78)",0.7998999999999999,0.0400074980472411
"(126, 127, 137, 147, 148, 149)",0.7997,0.040022482431753284
"(90, 91, 92, 93, 98, 111)",0.7997,0.040022482431753284
"(108, 109, 110, 118, 128, 129)",0.7997,0.040022482431753284
"(59, 71, 72, 73, 74, 75)",0.7996000000000002,0.04002996877340774
"(90, 91, 92, 93, 94, 98)",0.7996000000000001,0.040029968773407754
"(117, 125, 126, 127, 137, 147)",0.7996000000000001,0.040029968773407754
"(98, 108, 109, 110, 111, 112)",0.7994,0.04004492976645108
"(89, 90, 91, 92, 93, 94)",0.7993000000000001,0.04005240442220666
"(68, 69, 70, 78, 89, 90)",0.7992,0.04005987518702473
"(105, 106, 107, 117, 124, 125)",0.7992,0.04005987518702473
"(47, 57, 67, 68, 69, 70)",0.7991999999999999,0.040059875187024745
"(47, 57, 64, 65, 66, 67)",0.7991000000000003,0.040067342063081726
"(124, 125, 126, 127, 128, 137)",0.7990999999999998,0.04006734206308176
"(97, 105, 106, 107, 108, 117)",0.799,0.040074805052551406
"(16, 20, 21, 22, 23, 36)",0.799,0.040074805052551406
"(86, 87, 88, 89, 90, 97)",0.7987000000000001,0.04009717072313207
"(69, 78, 88, 89, 90, 91)",0.7987000000000001,0.04009717072313207
"(87, 88, 97, 107, 108, 109)",0.7986999999999999,0.04009717072313208
"(109, 110, 118, 127, 128, 129)",0.7986000000000001,0.04010461818793441
"(84, 85, 86, 87, 88, 97)",0.7986,0.04010461818793442
"(8, 9, 10, 11, 12, 13)",0.7983999999999999,0.04011950149241639
"(42, 43, 44, 56, 63, 64)",0.7983999999999999,0.04011950149241639
"(105, 106, 107, 117, 125, 126)",0.7983,0.04012693733640782
"(47, 57, 67, 68, 69, 78)",0.7981,0.040141797418650794
"(16, 23, 24, 25, 37, 45)",0.7980999999999999,0.04014179741865081
"(77, 85, 86, 87, 88, 97)",0.7980999999999999,0.04014179741865081
"(104, 105, 106, 117, 124, 125)",0.7979,0.04015664204088783
"(123, 136, 140, 141, 142, 143)",0.7979,0.04015664204088783
"(79, 91, 92, 93, 98, 111)",0.7978999999999999,0.040156642040887834
"(86, 87, 88, 97, 107, 108)",0.7978000000000001,0.0401640585598617
"(3, 16, 21, 22, 23, 36)",0.7975000000000001,0.040186284973856436
"(104, 105, 106, 117, 125, 126)",0.7975,0.04018628497385644
"(57, 67, 68, 69, 70, 71)",0.7974999999999999,0.04018628497385645
"(117, 124, 125, 126, 127, 137)",0.7973,0.04020108331873657
"(68, 69, 78, 87, 88, 89)",0.7972999999999999,0.040201083318736584
"(123, 124, 136, 142, 143, 144)",0.7969999999999999,0.04022325198190719
"(84, 85, 86, 87, 88, 89)",0.7968,0.04023801187931631
"(138, 148, 149, 150, 151, 152)",0.7968,0.04023801187931631
"(79, 91, 92, 93, 94, 98)",0.7966000000000002,0.04025275642735537
"(78, 87, 88, 89, 90, 97)",0.7966000000000001,0.04025275642735538
"(85, 86, 87, 88, 97, 107)",0.7966,0.04025275642735538
"(37, 44, 45, 46, 47, 57)",0.7964999999999999,0.040260122950631944
"(87, 88, 89, 90, 91, 98)",0.7964000000000001,0.04026748564288561
"(68, 69, 78, 89, 90, 91)",0.7964,0.040267485642885625
"(21, 22, 23, 24, 25, 37)",0.7963999999999999,0.04026748564288564
"(107, 108, 109, 110, 118, 129)",0.7963000000000001,0.040274844506217516
"(45, 46, 47, 57, 67, 68)",0.7962999999999998,0.040274844506217544
"(73, 74, 75, 79, 92, 93)",0.7961999999999999,0.04028219954272607
"(66, 67, 68, 69, 70, 71)",0.7961000000000001,0.04028955075450705
"(6, 7, 8, 17, 26, 27)",0.7959999999999999,0.04029689814365369
"(46, 47, 57, 66, 67, 68)",0.7957000000000001,0.04031891739618017
"(43, 44, 45, 46, 47, 57)",0.7957,0.040318917396180175
"(123, 124, 125, 126, 136, 143)",0.7954000000000001,0.04034090232010185
"(25, 37, 44, 45, 46, 47)",0.7951,0.0403628529715133
"(24, 25, 37, 45, 46, 47)",0.7950000000000002,0.04037016224886889
"(69, 70, 78, 87, 88, 89)",0.795,0.040370162248868906
"(123, 136, 141, 142, 143, 144)",0.7949999999999998,0.04037016224886892
"(96, 103, 104, 105, 117, 125)",0.7948999999999999,0.040377467726443676
"(78, 87, 88, 89, 90, 91)",0.7948,0.0403847694062997
"(69, 70, 71, 72, 73, 74)",0.7947000000000002,0.04039206729049652
"(66, 67, 68, 69, 70, 78)",0.7947,0.04039206729049654
"(67, 68, 69, 70, 71, 78)",0.7946000000000001,0.04039936138109115
"(109, 118, 127, 128, 129, 137)",0.7944000000000001,0.040413938189688955
"(58, 71, 72, 73, 74, 75)",0.7944,0.04041393818968896
"(127, 128, 129, 137, 147, 148)",0.7942999999999999,0.04042122091179336
"(19, 31, 32, 33, 34, 35)",0.7940999999999999,0.04043577500184707
"(68, 69, 70, 78, 88, 89)",0.7940999999999999,0.04043577500184707
"(87, 88, 89, 90, 91, 92)",0.7937000000000001,0.04046483782248484
"(101, 102, 103, 104, 105, 116)",0.7937000000000001,0.04046483782248484
"(109, 118, 126, 127, 128, 129)",0.7935999999999999,0.0404720940896317
"(43, 44, 45, 46, 56, 63)",0.7935000000000001,0.04047934658563549
"(86, 87, 88, 97, 106, 107)",0.7935000000000001,0.04047934658563549
"(118, 127, 128, 129, 137, 147)",0.7934,0.04048659531252289
"(117, 123, 124, 125, 126, 136)",0.7933,0.04049384027231796
"(105, 106, 107, 108, 117, 125)",0.7933,0.04049384027231796
"(104, 105, 117, 124, 125, 126)",0.7931,0.04050831889871511
"(65, 66, 77, 85, 86, 87)",0.7931,0.04050831889871511
"(23, 24, 25, 37, 44, 45)",0.7930999999999999,0.04050831889871512
"(20, 21, 22, 23, 24, 36)",0.7930000000000001,0.04051555256935291
"(96, 103, 104, 105, 106, 117)",0.7930000000000001,0.04051555256935291
"(102, 103, 104, 105, 117, 125)",0.7929,0.04052278248096988
"(117, 124, 125, 126, 127, 128)",0.7928999999999999,0.04052278248096989
"(105, 106, 117, 125, 126, 127)",0.7928000000000001,0.04053000863557766
"(25, 37, 43, 44, 45, 56)",0.7928000000000001,0.04053000863557766
"(69, 70, 78, 88, 89, 90)",0.7928000000000001,0.04053000863557766
"(64, 65, 66, 77, 85, 86)",0.7927000000000001,0.04053723103518542
"(86, 87, 88, 89, 90, 91)",0.7927,0.040537231035185424
"(57, 66, 67, 68, 69, 70)",0.7925999999999999,0.040544449681799856
"(59, 73, 74, 75, 79, 93)",0.7925999999999999,0.040544449681799856
"(90, 91, 98, 110, 111, 112)",0.7925999999999999,0.040544449681799856
"(78, 86, 87, 88, 89, 90)",0.7924999999999999,0.040551664577425185
"(42, 43, 44, 45, 46, 47)",0.7923999999999998,0.04055887572406318
"(47, 57, 65, 66, 67, 77)",0.7922000000000002,0.040573286778371784
"(105, 106, 117, 123, 124, 125)",0.7921999999999998,0.04057328677837182
"(73, 79, 91, 92, 93, 94)",0.7918000000000001,0.04060206398694529
"(41, 42, 43, 44, 56, 63)",0.7917000000000001,0.04060924894651463
"(72, 73, 79, 92, 93, 94)",0.7916999999999998,0.040609248946514645
"(5, 6, 7, 17, 26, 27)",0.7916999999999998,0.040609248946514645
"(30, 31, 32, 33, 34, 35)",0.7916000000000003,0.04061643017302232
"(117, 125, 126, 127, 128, 137)",0.7916000000000001,0.04061643017302234
"(37, 42, 43, 44, 45, 56)",0.7915999999999999,0.040616430173022355
"(58, 67, 68, 69, 70, 71)",0.7911,0.040652280378842214
"(16, 21, 22, 23, 24, 36)",0.7909000000000002,0.040666594398842876
"(96, 102, 103, 104, 105, 106)",0.7908999999999999,0.0406665943988429
"(3, 16, 23, 24, 25, 26)",0.7907000000000001,0.04068089354967513
"(79, 89, 90, 91, 92, 93)",0.7906,0.04068803755405267
"(24, 25, 37, 44, 45, 46)",0.7905,0.040695177847012785
"(37, 42, 43, 44, 45, 46)",0.7904999999999999,0.04069517784701279
"(63, 64, 65, 77, 84, 85)",0.7904000000000001,0.040702314430508736
"(87, 88, 89, 90, 91, 97)",0.7904000000000001,0.040702314430508736
"(6, 7, 17, 26, 27, 28)",0.7903000000000001,0.0407094473064914
"(105, 117, 125, 126, 127, 128)",0.7903,0.0407094473064914
"(42, 43, 44, 45, 46, 56)",0.7903,0.0407094473064914
"(57, 65, 66, 67, 77, 85)",0.7902,0.04071657647690925
"(118, 125, 126, 127, 128, 129)",0.7901,0.040723701943708404
"(108, 109, 110, 111, 118, 129)",0.7901,0.040723701943708404
"(92, 93, 94, 95, 99, 115)",0.7900999999999999,0.04072370194370842
"(69, 78, 87, 88, 89, 90)",0.7899999999999998,0.04073082370883262
"(65, 77, 84, 85, 86, 87)",0.7898999999999999,0.040737941774223206
"(96, 102, 103, 104, 105, 117)",0.7898000000000001,0.04074505614181921
"(90, 91, 92, 98, 110, 111)",0.7897000000000002,0.040752166813557276
"(96, 101, 102, 103, 104, 105)",0.7896000000000001,0.040759273791371696
"(123, 124, 136, 141, 142, 143)",0.7896,0.0407592737913717
"(65, 66, 77, 84, 85, 86)",0.7896,0.0407592737913717
"(67, 68, 69, 78, 88, 89)",0.7895,0.04076637707719439
"(122, 123, 124, 125, 126, 136)",0.7894000000000001,0.040773476672954924
"(118, 126, 127, 128, 129, 137)",0.7894000000000001,0.040773476672954924
"(56, 63, 64, 65, 77, 85)",0.7892999999999999,0.040780572580580585
"(88, 89, 90, 91, 98, 111)",0.7892000000000001,0.04078766480199619
"(65, 66, 67, 77, 85, 86)",0.789,0.04080183819388533
"(25, 37, 43, 44, 45, 46)",0.7889000000000002,0.04080891936819694
"(122, 123, 136, 141, 142, 143)",0.7889,0.040808919368196944
"(68, 69, 78, 88, 89, 90)",0.7888000000000001,0.04081599686397479
"(123, 124, 125, 136, 142, 143)",0.7886,0.04083014082757982
"(64, 65, 77, 85, 86, 87)",0.7886,0.04083014082757982
"(42, 43, 44, 45, 56, 63)",0.7886,0.04083014082757982
"(37, 43, 44, 45, 46, 47)",0.7883000000000001,0.040851329231739814
"(55, 59, 73, 74, 75, 79)",0.7880999999999999,0.04086543649589468
"(7, 17, 26, 27, 28, 29)",0.7880999999999999,0.04086543649589468
"(91, 92, 93, 94, 95, 99)",0.7877999999999998,0.04088656992216394
"(58, 70, 71, 72, 73, 79)",0.7877000000000001,0.04089360707983584
"(25, 37, 45, 46, 47, 57)",0.7875,0.04090767042988393
"(117, 125, 126, 127, 128, 129)",0.7874000000000001,0.04091469662602913
"(72, 73, 79, 91, 92, 93)",0.7874,0.04091469662602914
"(37, 43, 44, 45, 46, 56)",0.7874,0.04091469662602914
"(68, 69, 70, 71, 72, 73)",0.7872999999999998,0.040921719172097366
"(57, 64, 65, 66, 67, 68)",0.7872,0.04092873806996741
"(124, 125, 126, 127, 128, 129)",0.787,0.04094276492861711
"(46, 47, 57, 67, 68, 69)",0.7869000000000002,0.04094977289314312
"(10, 11, 18, 31, 32, 33)",0.7868999999999999,0.04094977289314313
"(11, 12, 18, 31, 32, 33)",0.7867000000000002,0.04096377790194648
"(46, 47, 57, 65, 66, 67)",0.7866,0.04097077494995671
"(18, 31, 32, 33, 34, 35)",0.7865000000000001,0.040977768362857436
"(26, 27, 28, 29, 30, 38)",0.7865000000000001,0.040977768362857436
"(123, 124, 125, 126, 127, 128)",0.7865000000000001,0.040977768362857436
"(122, 123, 136, 142, 143, 144)",0.7864,0.040984758142509514
"(67, 68, 69, 78, 89, 90)",0.7863,0.04099174429077153
"(25, 37, 42, 43, 44, 45)",0.7859000000000002,0.041019652607012645
"(64, 65, 66, 67, 77, 85)",0.7859,0.04101965260701265
"(10, 11, 12, 18, 30, 31)",0.7857000000000001,0.04103358502495242
"(43, 44, 45, 46, 47, 56)",0.7856000000000002,0.041040545805337426
"(22, 23, 24, 25, 37, 45)",0.7856000000000001,0.041040545805337426
"(108, 109, 118, 127, 128, 129)",0.7855,0.04104750296912103
"(7, 8, 9, 17, 26, 27)",0.7855,0.04104750296912103
"(125, 126, 127, 128, 129, 137)",0.7853999999999999,0.04105445651814186
"(79, 90, 91, 92, 93, 98)",0.7853,0.04106140645423632
"(24, 25, 37, 43, 44, 45)",0.7852999999999999,0.04106140645423633
"(104, 105, 117, 123, 124, 125)",0.7852000000000001,0.041068352779238655
"(64, 65, 77, 84, 85, 86)",0.7851,0.04107529549498092
"(73, 74, 79, 91, 92, 93)",0.7851,0.04107529549498092
"(122, 123, 124, 136, 142, 143)",0.7850999999999999,0.04107529549498093
"(122, 123, 124, 125, 136, 143)",0.7850999999999999,0.04107529549498093
"(58, 71, 72, 73, 79, 93)",0.7850000000000001,0.04108223460329293
"(7, 8, 17, 26, 27, 28)",0.7848999999999999,0.04108917010600239
"(9, 10, 11, 18, 31, 32)",0.7848,0.04109610200493472
"(26, 27, 28, 29, 38, 49)",0.7848,0.04109610200493472
"(72, 73, 74, 75, 79, 93)",0.7848,0.04109610200493472
"(117, 123, 124, 125, 136, 143)",0.7846999999999998,0.04110303030191328
"(41, 42, 43, 44, 45, 46)",0.7846000000000001,0.041109954998759114
"(8, 9, 10, 11, 18, 31)",0.7846,0.04110995499875912
"(117, 123, 124, 125, 126, 127)",0.7845000000000002,0.04111687609729123
"(123, 124, 125, 126, 127, 136)",0.7844,0.041123793599326414
"(85, 86, 87, 88, 89, 90)",0.7843000000000001,0.041130707506679236
"(126, 127, 128, 129, 137, 147)",0.7839999999999998,0.0411514276787574
"(123, 124, 125, 136, 143, 144)",0.7838,0.04116522318656853
"(71, 72, 73, 79, 92, 93)",0.7836000000000002,0.0411790043590177
"(72, 73, 74, 79, 92, 93)",0.7835999999999999,0.041179004359017723
"(63, 64, 65, 66, 77, 85)",0.7835,0.0411858895739791
"(63, 64, 65, 77, 85, 86)",0.7833999999999999,0.04119277121049275
"(6, 7, 17, 25, 26, 27)",0.7832000000000001,0.04120652375534727
"(65, 77, 85, 86, 87, 97)",0.7831,0.04121339466726807
"(21, 22, 23, 24, 25, 26)",0.7830000000000001,0.04122026200790091
"(41, 42, 43, 56, 63, 64)",0.7830000000000001,0.04122026200790091
"(122, 123, 124, 125, 126, 127)",0.7829999999999999,0.04122026200790093
"(37, 43, 44, 45, 56, 63)",0.7829000000000002,0.041227125779030475
"(117, 122, 123, 124, 125, 126)",0.7825,0.04125454520413478
"(37, 45, 46, 47, 57, 67)",0.7824,0.04126139115444364
"(57, 64, 65, 66, 67, 77)",0.7824,0.04126139115444364
"(71, 72, 73, 79, 93, 94)",0.7823,0.04126823354591277
"(71, 72, 73, 74, 79, 93)",0.7822999999999999,0.041268233545912775
"(57, 65, 66, 67, 68, 77)",0.7822,0.04127507238031206
"(9, 10, 11, 12, 18, 31)",0.7821000000000001,0.04128190765940933
"(79, 90, 91, 92, 93, 94)",0.7821000000000001,0.04128190765940933
"(64, 65, 66, 67, 68, 77)",0.7821000000000001,0.04128190765940933
"(121, 122, 123, 124, 125, 126)",0.7820999999999999,0.04128190765940935
"(23, 24, 25, 37, 45, 46)",0.7819000000000002,0.04129556755875864
"(73, 74, 79, 92, 93, 94)",0.7819000000000002,0.04129556755875864
"(105, 117, 124, 125, 126, 127)",0.7817000000000002,0.04130921325806144
"(56, 63, 64, 65, 66, 77)",0.7816999999999998,0.041309213258061465
"(117, 122, 123, 124, 125, 136)",0.7815000000000001,0.041322844771385224
"(100, 101, 102, 103, 104, 105)",0.7813000000000001,0.04133646211276431
"(17, 27, 28, 29, 30, 31)",0.7813,0.041336462112764316
"(71, 72, 73, 74, 75, 79)",0.7812,0.04134326547335128
"(58, 71, 72, 73, 74, 79)",0.7811999999999999,0.041343265473351286
"(127, 128, 129, 137, 146, 147)",0.7810000000000002,0.04135686158305534
"(64, 65, 66, 77, 84, 85)",0.7809999999999999,0.04135686158305536
"(42, 43, 56, 63, 64, 65)",0.7808000000000002,0.04137044355575607
"(73, 79, 92, 93, 94, 95)",0.7808000000000002,0.04137044355575607
"(105, 117, 125, 126, 127, 137)",0.7807000000000001,0.04137722924508116
"(73, 79, 90, 91, 92, 93)",0.7805,0.041390790038364815
"(105, 117, 123, 124, 125, 136)",0.7805,0.041390790038364815
"(30, 31, 32, 33, 34, 39)",0.7804000000000001,0.04139756514579088
"(31, 32, 33, 34, 35, 39)",0.7804000000000001,0.04139756514579088
"(18, 30, 31, 32, 33, 34)",0.7803,0.04140433672938138
"(43, 44, 45, 56, 63, 64)",0.7801,0.041417869331968296
"(123, 124, 125, 126, 127, 137)",0.7801,0.041417869331968296
"(9, 10, 11, 18, 30, 31)",0.7800999999999999,0.0414178693319683
"(17, 23, 24, 25, 26, 27)",0.78,0.04142463035441596
"(16, 22, 23, 24, 25, 26)",0.7797999999999999,0.041438141850232625
"(24, 25, 26, 27, 28, 29)",0.7797,0.04144489232704074
"(70, 71, 72, 73, 79, 93)",0.7797,0.04144489232704074
"(29, 30, 31, 38, 49, 50)",0.7796,0.04145163929207143
"(17, 26, 27, 28, 29, 30)",0.7795000000000002,0.04145838274703922
"(37, 41, 42, 43, 44, 45)",0.7792999999999999,0.04147185913363423
"(120, 121, 122, 123, 124, 125)",0.7792,0.04147859206868044
"(28, 29, 30, 31, 32, 38)",0.7789,0.04149876986128625
"(56, 63, 64, 65, 66, 67)",0.7787,0.04151220422959976
"(23, 24, 25, 26, 27, 28)",0.7786000000000002,0.041518916170825065
"(105, 117, 123, 124, 125, 126)",0.7786000000000002,0.041518916170825065
"(65, 66, 67, 68, 69, 77)",0.7786,0.04151891617082508
"(28, 29, 30, 31, 32, 33)",0.7785,0.04152562461902289
"(28, 29, 38, 48, 49, 50)",0.7784000000000002,0.041532329575885804
"(67, 68, 69, 70, 71, 72)",0.7784,0.04153232957588582
"(10, 11, 12, 18, 31, 32)",0.7784,0.04153232957588582
"(11, 12, 13, 14, 18, 31)",0.7783,0.04153903104310451
"(73, 74, 75, 79, 93, 94)",0.7781,0.04155242351536189
"(22, 23, 24, 25, 26, 27)",0.778,0.04155911452377204
"(10, 11, 18, 30, 31, 32)",0.7779999999999998,0.04155911452377205
"(10, 11, 18, 29, 30, 31)",0.7778,0.041572486093569144
"(122, 123, 124, 136, 143, 144)",0.7777999999999998,0.04157248609356916
"(43, 56, 63, 64, 65, 77)",0.7777,0.0415791666583158
"(16, 23, 24, 25, 26, 27)",0.7777,0.0415791666583158
"(120, 121, 122, 123, 124, 136)",0.7776000000000001,0.04158584374519771
"(27, 28, 29, 30, 31, 38)",0.7775,0.041592517355889876
"(21, 22, 23, 24, 25, 36)",0.7774999999999999,0.041592517355889876
"(18, 29, 30, 31, 38, 49)",0.7774,0.04159918749206527
"(11, 18, 30, 31, 32, 33)",0.7773000000000002,0.04160585415539499
"(7, 17, 24, 25, 26, 27)",0.777,0.041625833324991826
"(18, 30, 31, 32, 33, 39)",0.7769999999999999,0.04162583332499183
"(63, 64, 65, 66, 67, 77)",0.7769000000000001,0.04163248611361084
"(17, 26, 27, 28, 29, 38)",0.7767000000000001,0.041645781298950316
"(79, 91, 92, 93, 94, 95)",0.7767000000000001,0.041645781298950316
"(18, 29, 30, 31, 32, 33)",0.7766,0.0416524236989878
"(41, 42, 43, 44, 45, 56)",0.7764999999999997,0.0416590626394786
"(25, 26, 27, 28, 29, 30)",0.7764000000000002,0.04166569812207638
"(101, 102, 103, 104, 116, 121)",0.7764,0.04166569812207639
"(47, 48, 57, 66, 67, 68)",0.7763,0.04167233014843302
"(16, 23, 24, 25, 26, 37)",0.7761999999999999,0.04167895872019838
"(65, 66, 67, 68, 77, 85)",0.7760000000000002,0.04169220550654521
"(29, 30, 31, 32, 33, 38)",0.7759999999999998,0.04169220550654524
"(72, 73, 79, 93, 94, 95)",0.7758000000000002,0.04170543849427793
"(47, 57, 65, 66, 67, 68)",0.7755000000000001,0.04172526213219037
"(59, 72, 73, 74, 75, 79)",0.7755,0.041725262132190376
"(43, 56, 63, 64, 65, 66)",0.7755,0.041725262132190376
"(29, 30, 31, 32, 33, 34)",0.7754000000000001,0.041731863126393
"(22, 23, 24, 25, 26, 37)",0.7748999999999999,0.04176481653257919
"(24, 25, 26, 27, 28, 37)",0.7747000000000002,0.041777973861832976
"(72, 73, 74, 79, 93, 94)",0.7746000000000001,0.041784547382974005
"(11, 12, 18, 30, 31, 32)",0.7744,0.04179768414637347
"(29, 30, 31, 32, 38, 49)",0.7743000000000002,0.041804247391861976
"(65, 77, 85, 86, 87, 88)",0.7742000000000001,0.04181080721535999
"(121, 122, 123, 136, 142, 143)",0.774,0.04182391660282427
"(96, 100, 101, 102, 103, 104)",0.7739,0.0418304661700058
"(7, 8, 17, 25, 26, 27)",0.7738999999999998,0.04183046617000582
"(28, 29, 30, 38, 48, 49)",0.7735000000000001,0.04185663029915332
"(57, 63, 64, 65, 66, 67)",0.7735000000000001,0.04185663029915332
"(65, 66, 67, 77, 84, 85)",0.7735,0.041856630299153326
"(17, 24, 25, 26, 27, 37)",0.7733000000000001,0.041869691902377305
"(63, 64, 65, 66, 67, 68)",0.7733000000000001,0.041869691902377305
"(17, 25, 26, 27, 28, 37)",0.7733,0.041869691902377305
"(18, 29, 30, 31, 32, 38)",0.7733,0.041869691902377305
"(96, 101, 102, 103, 104, 116)",0.7731,0.041882739881722156
"(17, 24, 25, 26, 27, 28)",0.773,0.04188925876641887
"(121, 122, 123, 124, 125, 136)",0.7729999999999997,0.041889258766418885
"(27, 28, 29, 38, 48, 49)",0.7728999999999999,0.04189577424991691
"(105, 117, 122, 123, 124, 125)",0.7727,0.041908795019661445
"(25, 26, 27, 28, 29, 38)",0.7726000000000002,0.04191530030907567
"(18, 28, 29, 30, 31, 38)",0.7726000000000001,0.04191530030907568
"(93, 94, 95, 99, 114, 115)",0.7726,0.041915300309075684
"(44, 45, 46, 47, 48, 57)",0.7725000000000002,0.04192180220362668
"(69, 70, 71, 72, 73, 79)",0.7722999999999999,0.04193479581445462
"(20, 21, 22, 23, 36, 41)",0.7720000000000001,0.04195426080864731
"(100, 101, 102, 103, 104, 116)",0.7718,0.04196722054175139
"(27, 28, 29, 30, 31, 32)",0.7717999999999999,0.04196722054175139
"(11, 18, 31, 32, 33, 39)",0.7716000000000001,0.041980166745738394
"(73, 79, 93, 94, 95, 99)",0.7715999999999998,0.04198016674573841
"(38, 47, 48, 49, 57, 67)",0.7714,0.04199309943312115
"(29, 30, 31, 32, 33, 39)",0.7713999999999999,0.04199309943312116
"(101, 102, 103, 116, 120, 121)",0.7713,0.041999560711988404
"(11, 18, 31, 32, 33, 34)",0.7712,0.04200601861638401
"(28, 29, 30, 31, 38, 49)",0.7711000000000001,0.04201247314786407
"(40, 41, 42, 43, 44, 56)",0.7710999999999999,0.042012473147864084
"(121, 122, 123, 124, 136, 143)",0.7710999999999999,0.042012473147864084
"(65, 66, 67, 68, 69, 70)",0.7709,0.04202537209829319
"(38, 46, 47, 48, 49, 57)",0.7708999999999999,0.0420253720982932
"(18, 31, 32, 33, 34, 39)",0.7707999999999999,0.042031816520345634
"(64, 65, 66, 67, 68, 69)",0.7707999999999998,0.04203181652034565
"(73, 74, 79, 93, 94, 95)",0.7707000000000002,0.0420382575756893
"(11, 12, 13, 18, 31, 32)",0.7705000000000001,0.04205112959243782
"(29, 30, 38, 47, 48, 49)",0.7702000000000001,0.04207041240587023
"(117, 121, 122, 123, 124, 125)",0.7702,0.042070412405870235
"(18, 27, 28, 29, 30, 31)",0.7701000000000002,0.04207683329339316
"(38, 47, 48, 49, 50, 57)",0.7701000000000002,0.04207683329339316
"(10, 11, 12, 13, 18, 31)",0.7699999999999999,0.04208325082500163
"(11, 12, 18, 29, 30, 31)",0.7699000000000001,0.042089665002230645
"(7, 17, 25, 26, 27, 28)",0.7698,0.04209607582661358
"(36, 41, 42, 43, 44, 56)",0.7697999999999999,0.04209607582661358
"(65, 66, 67, 68, 69, 78)",0.7697999999999999,0.04209607582661358
"(25, 26, 27, 28, 29, 37)",0.7696,0.042108887422965716
"(120, 121, 122, 123, 136, 143)",0.7695000000000001,0.042115288197992894
"(43, 44, 56, 63, 64, 65)",0.7695000000000001,0.042115288197992894
"(116, 121, 122, 123, 136, 143)",0.7694000000000001,0.04212168562628993
"(11, 12, 13, 18, 30, 31)",0.7694,0.042121685626289936
"(121, 122, 123, 136, 143, 144)",0.7692,0.042134470448790505
"(46, 47, 48, 57, 66, 67)",0.7692,0.042134470448790505
"(24, 25, 26, 37, 45, 46)",0.7687999999999998,0.04216000000000001
"(47, 48, 49, 50, 57, 67)",0.7686,0.042172744752979975
"(16, 21, 22, 23, 36, 41)",0.7683,0.04219183688819438
"(24, 25, 26, 37, 44, 45)",0.7682999999999999,0.04219183688819439
"(70, 71, 72, 73, 74, 79)",0.7677,0.04222993132838366
"(18, 28, 29, 30, 31, 32)",0.7676000000000001,0.04223626877459702
"(116, 120, 121, 122, 123, 136)",0.7675,0.04224260290275683
"(43, 44, 45, 46, 47, 48)",0.7669,0.04228053807604629
"(25, 26, 37, 43, 44, 45)",0.7668000000000003,0.04228684901952377
"(11, 18, 29, 30, 31, 32)",0.7667,0.042293156656839886
"(45, 46, 47, 48, 57, 67)",0.7667,0.042293156656839886
"(79, 93, 94, 95, 99, 115)",0.7667,0.042293156656839886
"(57, 65, 66, 67, 68, 69)",0.7666999999999998,0.0422931566568399
"(45, 46, 47, 48, 49, 50)",0.7666,0.04229946098947362
"(28, 29, 38, 47, 48, 49)",0.7666,0.04229946098947362
"(23, 24, 25, 26, 37, 45)",0.7664,0.0423120597466018
"(46, 47, 48, 49, 57, 67)",0.7663000000000001,0.04231835417404604
"(37, 44, 45, 46, 47, 48)",0.7662,0.0423246453027075
"(29, 38, 47, 48, 49, 57)",0.7661999999999999,0.042324645302707506
"(11, 18, 29, 30, 31, 38)",0.7659999999999999,0.042337217669563505
"(47, 48, 57, 67, 68, 69)",0.7659000000000004,0.04234349891069464
"(40, 41, 42, 43, 44, 45)",0.7658,0.04234977685891626
"(77, 83, 84, 85, 86, 87)",0.7657,0.042356051515692536
"(11, 18, 28, 29, 30, 31)",0.7656999999999999,0.04235605151569254
"(46, 47, 48, 49, 50, 57)",0.7656000000000002,0.04236232288248602
"(21, 22, 23, 24, 36, 41)",0.7655999999999998,0.04236232288248604
"(17, 25, 26, 27, 37, 45)",0.7651,0.042393630417788
"(23, 24, 25, 26, 27, 37)",0.765,0.04239988207530771
"(101, 102, 116, 120, 121, 122)",0.7648999999999999,0.0424061304530371
"(38, 46, 47, 48, 49, 50)",0.7648,0.04241237555242573
"(79, 92, 93, 94, 95, 99)",0.7648,0.04241237555242573
"(116, 120, 121, 122, 123, 124)",0.7644999999999998,0.04243109119501879
"(25, 26, 37, 44, 45, 46)",0.7643,0.04244355192488018
"(100, 101, 102, 116, 120, 121)",0.7642,0.042449777384575296
"(29, 30, 38, 48, 49, 50)",0.7641999999999999,0.0424497773845753
"(24, 25, 26, 27, 37, 45)",0.7640000000000002,0.04246221850068598
"(7, 17, 25, 26, 27, 37)",0.7638000000000001,0.04247464655532756
"(21, 22, 36, 41, 42, 43)",0.7630999999999999,0.04251804205275686
"(44, 45, 46, 47, 48, 49)",0.763,0.042524228388061316
"(25, 26, 37, 45, 46, 47)",0.763,0.042524228388061316
"(101, 102, 103, 116, 121, 122)",0.763,0.042524228388061316
"(46, 47, 48, 57, 67, 68)",0.7629999999999998,0.04252422838806133
"(96, 100, 101, 102, 103, 116)",0.7624000000000001,0.0425612781762954
"(17, 25, 26, 27, 28, 29)",0.7623000000000003,0.04256744178359792
"(21, 22, 23, 36, 41, 42)",0.7619000000000001,0.042592063814753084
"(51, 52, 58, 69, 70, 71)",0.7608999999999999,0.04265339259660362
"(47, 48, 49, 57, 67, 68)",0.7605,0.04267783382506662
"(36, 41, 42, 43, 44, 45)",0.7603,0.04269003513701997
"(21, 22, 23, 36, 40, 41)",0.7597000000000002,0.042726561996023024
"(25, 26, 27, 28, 37, 45)",0.7594000000000001,0.042744782137706584
"(116, 121, 122, 123, 124, 136)",0.7593999999999999,0.04274478213770659
"(21, 36, 41, 42, 43, 44)",0.7591,0.04276297347004766
"(40, 41, 42, 43, 56, 63)",0.7589000000000001,0.04277508503790494
"(83, 84, 85, 86, 87, 97)",0.7587,0.04278718382880556
"(51, 52, 58, 70, 71, 72)",0.7580000000000002,0.04282942913464991
"(51, 52, 58, 71, 72, 73)",0.7579999999999998,0.04282942913464994
"(20, 21, 22, 36, 41, 42)",0.7578000000000001,0.04284147056299538
"(83, 96, 103, 104, 105, 106)",0.7576999999999999,0.042847486507378706
"(47, 48, 57, 65, 66, 67)",0.7576999999999998,0.04284748650737871
"(116, 121, 122, 123, 124, 125)",0.7575,0.042859508863261606
"(20, 21, 22, 36, 40, 41)",0.7571000000000001,0.042883515480893114
"(50, 51, 58, 70, 71, 72)",0.7570999999999999,0.04288351548089313
"(100, 101, 116, 120, 121, 122)",0.7570999999999999,0.04288351548089313
"(29, 30, 38, 49, 50, 51)",0.7570999999999999,0.04288351548089313
"(100, 101, 102, 103, 116, 121)",0.7568,0.04290148715371065
"(29, 38, 47, 48, 49, 50)",0.7567,0.042907471377372025
"(37, 45, 46, 47, 48, 57)",0.7565999999999999,0.042913452436269914
"(50, 51, 58, 69, 70, 71)",0.7560000000000001,0.04294927240361587
"(49, 50, 51, 58, 70, 71)",0.7560000000000001,0.04294927240361587
"(25, 37, 45, 46, 47, 48)",0.7559999999999999,0.04294927240361588
"(38, 49, 50, 51, 58, 71)",0.7557999999999998,0.04296118713443567
"(33, 34, 39, 53, 54, 55)",0.7557,0.04296713976982875
"(38, 45, 46, 47, 48, 49)",0.7557,0.04296713976982875
"(83, 84, 85, 86, 87, 88)",0.7556,0.04297308925362476
"(101, 116, 121, 122, 123, 124)",0.7555,0.04297903558713248
"(47, 48, 49, 57, 66, 67)",0.7548999999999999,0.04301464750523943
"(19, 33, 34, 35, 39, 53)",0.7547,0.04302649300140554
"(21, 22, 36, 40, 41, 42)",0.7546,0.043032411040981655
"(45, 46, 47, 48, 49, 57)",0.7544,0.043044237709593605
"(101, 116, 120, 121, 122, 123)",0.7543000000000001,0.04305014634121468
"(100, 101, 102, 116, 121, 122)",0.7541000000000001,0.04306195420553972
"(21, 36, 41, 42, 43, 56)",0.7540000000000002,0.04306785344082056
"(83, 84, 96, 103, 104, 105)",0.7538000000000001,0.04307964252405072
"(83, 84, 85, 96, 103, 104)",0.7534000000000001,0.04310318317711581
"(25, 26, 27, 37, 45, 46)",0.7533,0.0431090605325609
"(20, 21, 36, 41, 42, 43)",0.7533,0.0431090605325609
"(96, 101, 102, 103, 116, 121)",0.7532,0.043114934767432965
"(36, 41, 42, 43, 56, 63)",0.7530000000000001,0.04312667388055795
"(77, 83, 84, 85, 86, 96)",0.7528999999999999,0.04313253876135743
"(101, 102, 116, 121, 122, 123)",0.7524000000000001,0.043161816458531954
"(83, 96, 103, 104, 105, 117)",0.7522000000000001,0.0431735057645311
"(65, 66, 77, 83, 84, 85)",0.7520000000000002,0.04318518264405048
"(49, 50, 51, 52, 58, 71)",0.7519000000000001,0.04319101642703028
"(29, 38, 49, 50, 51, 58)",0.7516000000000002,0.04320849916393763
"(29, 38, 46, 47, 48, 49)",0.7516000000000002,0.04320849916393763
"(65, 77, 83, 84, 85, 86)",0.7514999999999997,0.04321432054307925
"(50, 51, 52, 58, 71, 72)",0.7513000000000001,0.04322595400913668
"(26, 27, 28, 29, 30, 31)",0.7513,0.04322595400913669
"(28, 29, 38, 49, 50, 51)",0.7504000000000001,0.04327815153169091
"(77, 83, 84, 85, 96, 103)",0.7503,0.043283935819192786
"(52, 53, 54, 55, 59, 75)",0.7502000000000001,0.04328971702379215
"(51, 58, 69, 70, 71, 78)",0.7499000000000001,0.04330704215251833
"(83, 84, 85, 96, 102, 103)",0.7494,0.04333585582401714
"(83, 84, 85, 86, 87, 96)",0.7494,0.04333585582401714
"(25, 26, 27, 37, 44, 45)",0.7494,0.04333585582401714
"(32, 33, 34, 35, 39, 53)",0.7492,0.04334735978119083
"(101, 116, 121, 122, 123, 136)",0.7492,0.04334735978119083
"(51, 58, 70, 71, 72, 73)",0.7490000000000001,0.04335885146080324
"(29, 38, 49, 50, 51, 52)",0.7489,0.043364592699574614
"(33, 39, 52, 53, 54, 55)",0.7484000000000002,0.04339325293176347
"(83, 84, 85, 86, 96, 103)",0.7483,0.04339897579436639
"(32, 33, 34, 39, 53, 54)",0.7482,0.04340469559851791
"(49, 50, 51, 58, 71, 72)",0.7481000000000002,0.043410412345426974
"(51, 58, 69, 70, 71, 72)",0.7477000000000001,0.043433248784773164
"(32, 33, 39, 53, 54, 55)",0.7475,0.043444648692330334
"(32, 33, 39, 52, 53, 54)",0.7475,0.043444648692330334
"(37, 45, 46, 47, 48, 49)",0.7472,0.04346172569054294
"(53, 54, 55, 59, 74, 75)",0.7467999999999998,0.04348445239393042
"(39, 53, 54, 55, 59, 75)",0.7466999999999999,0.043490126465670347
"(83, 96, 102, 103, 104, 105)",0.7460000000000002,0.04352975993501456
"(137, 144, 145, 146, 147, 148)",0.7459,0.04353540972587716
"(50, 51, 58, 71, 72, 73)",0.7454,0.043563613256937264
"(38, 49, 50, 51, 52, 58)",0.7452999999999999,0.04356924488673175
"(20, 21, 36, 40, 41, 42)",0.7448999999999998,0.04359174119027595
"(36, 40, 41, 42, 43, 44)",0.7448,0.043597357718100305
"(29, 30, 31, 38, 48, 49)",0.7447999999999999,0.04359735771810031
"(50, 51, 52, 58, 70, 71)",0.7447,0.04360297122903438
"(33, 34, 39, 52, 53, 54)",0.7445000000000002,0.04361418920489064
"(127, 137, 145, 146, 147, 148)",0.7443000000000001,0.04362539512715042
"(33, 34, 35, 39, 53, 54)",0.7441000000000001,0.043636589005099834
"(144, 145, 146, 147, 148, 149)",0.7431,0.04369237805384367
"(137, 145, 146, 147, 148, 149)",0.7426999999999999,0.043714609686007724
"(83, 96, 101, 102, 103, 104)",0.7424,0.04373125198299267
"(140, 141, 142, 143, 144, 145)",0.7422999999999998,0.04373679343527599
"(36, 40, 41, 42, 43, 56)",0.7419,0.04375892937447167
"(33, 39, 53, 54, 55, 59)",0.7418,0.04376445589745176
"(83, 84, 96, 102, 103, 104)",0.7416999999999997,0.0437699794379664
"(83, 84, 96, 101, 102, 103)",0.7415,0.04378101757611397
"(100, 101, 116, 121, 122, 123)",0.7414999999999999,0.04378101757611397
"(33, 34, 35, 39, 52, 53)",0.7413000000000001,0.043792043797932056
"(126, 127, 137, 145, 146, 147)",0.7411000000000001,0.043803058112419496
"(142, 143, 144, 145, 146, 147)",0.7408999999999999,0.04381406052855636
"(143, 144, 145, 146, 147, 148)",0.7404,0.043841514572377636
"(32, 33, 34, 39, 52, 53)",0.7398999999999998,0.043868894446976905
"(127, 137, 144, 145, 146, 147)",0.7397,0.04387982566054701
"(51, 58, 71, 72, 73, 74)",0.7395,0.043890745038105694
"(21, 36, 40, 41, 42, 43)",0.7392,0.04390710193123659
"(51, 58, 68, 69, 70, 71)",0.7388999999999999,0.0439234322429384
"(64, 65, 77, 83, 84, 85)",0.7387999999999999,0.04392886977831322
"(39, 52, 53, 54, 55, 59)",0.7386,0.04393973600284826
"(136, 143, 144, 145, 146, 147)",0.7382999999999998,0.04395601324051126
"(137, 143, 144, 145, 146, 147)",0.7362000000000001,0.044069213743837085
"(65, 77, 83, 84, 85, 96)",0.7362000000000001,0.044069213743837085
"(123, 136, 142, 143, 144, 145)",0.7356999999999999,0.04409597600688753
"(141, 142, 143, 144, 145, 146)",0.7341000000000002,0.044181126060796584
"(145, 146, 147, 148, 149, 150)",0.7325,0.04426553399655312
"(136, 141, 142, 143, 144, 145)",0.7324,0.04427078494899316
"(127, 128, 137, 145, 146, 147)",0.7323000000000001,0.04427603302013404
"(136, 142, 143, 144, 145, 146)",0.7308000000000001,0.04435440902548471
"(123, 136, 143, 144, 145, 146)",0.7300999999999999,0.044390763678945656
"(83, 96, 101, 102, 103, 116)",0.7295999999999999,0.04441664552845026
"(51, 58, 71, 72, 73, 79)",0.7284999999999999,0.044473334707440144
"(31, 32, 33, 34, 39, 53)",0.7275,0.04452457186767774
"(30, 31, 32, 33, 39, 53)",0.7274,0.04452967998986743
"(48, 49, 50, 51, 58, 71)",0.7269000000000001,0.04455517815024422
"(47, 48, 49, 50, 51, 52)",0.7263999999999998,0.04458060564864503
"(38, 47, 48, 49, 50, 51)",0.7251000000000001,0.04464638731185313
"(31, 32, 33, 39, 52, 53)",0.7247,0.04466653221372798
"(123, 124, 136, 143, 144, 145)",0.7246000000000001,0.04467156142334852
"(29, 38, 48, 49, 50, 51)",0.7240000000000001,0.04470167782086037
"(83, 96, 100, 101, 102, 103)",0.7235,0.04472669784368168
"(46, 47, 48, 49, 50, 51)",0.7232999999999998,0.04473668628765435
"(122, 123, 136, 143, 144, 145)",0.7225,0.04477652844962414
"(31, 32, 33, 39, 53, 54)",0.7209,0.04485567857027692
"(18, 31, 32, 33, 39, 53)",0.7206,0.04487044015830466
"(47, 48, 49, 50, 51, 57)",0.7193,0.044934119552963316
"(38, 48, 49, 50, 51, 52)",0.7166999999999999,0.04506008322229332
"(48, 49, 50, 51, 52, 58)",0.7164999999999999,0.045069696027375206
"(47, 48, 49, 50, 51, 58)",0.7157000000000001,0.045108038086354406
"(38, 48, 49, 50, 51, 58)",0.7149999999999999,0.04514144437210667
"(51, 52, 53, 54, 58, 71)",0.7149,0.045146205820644554
"(50, 51, 52, 53, 54, 58)",0.7067000000000001,0.04552747631925143
"(33, 39, 50, 51, 52, 53)",0.7063000000000001,0.04554561559579582
"(33, 34, 39, 51, 52, 53)",0.7058999999999999,0.04556371253530599
"(50, 51, 52, 53, 58, 71)",0.7057000000000001,0.045572745144439125
"(33, 39, 51, 52, 53, 54)",0.705,0.04560427611529427
"(39, 50, 51, 52, 53, 58)",0.7030999999999998,0.04568920988592384
"(38, 49, 50, 51, 52, 53)",0.7021999999999999,0.04572911107817426
"(51, 52, 53, 54, 55, 59)",0.7021999999999999,0.04572911107817426
"(49, 50, 51, 52, 53, 54)",0.7018999999999999,0.0457423643901362
"(33, 39, 51, 52, 53, 58)",0.7013000000000001,0.04576880050864343
"(50, 51, 52, 53, 54, 55)",0.7010000000000001,0.04578198335590104
"(39, 51, 52, 53, 58, 71)",0.6999,0.045830120008570785
"(51, 52, 53, 58, 71, 72)",0.6997000000000003,0.04583883833606606
"(39, 50, 51, 52, 53, 54)",0.6995999999999999,0.04584319360603055
"(51, 52, 53, 58, 70, 71)",0.6988,0.04587794241244915
"(39, 51, 52, 53, 54, 55)",0.6981000000000002,0.04590821168374999
"(51, 52, 53, 54, 55, 58)",0.6978,0.0459211454560968
"(39, 49, 50, 51, 52, 53)",0.6956,0.04601528441724553
"(49, 50, 51, 52, 53, 58)",0.6955000000000001,0.04601953389594466
"(32, 33, 39, 51, 52, 53)",0.6953999999999999,0.046023780809490225
"(39, 51, 52, 53, 54, 58)",0.6941000000000002,0.04607875757873686
"(130, 131, 132, 133, 134, 138)",0.6821,0.04656603805349989
"(108, 109, 110, 118, 129, 130)",0.6814000000000001,0.04659335145704802
"(48, 49, 50, 51, 52, 53)",0.6807999999999998,0.046616666547491366
"(107, 108, 109, 118, 129, 130)",0.6787000000000002,0.04669757060062118
"(42, 43, 44, 56, 62, 63)",0.6776000000000001,0.04673951647161104
"(130, 131, 132, 138, 151, 152)",0.6765000000000002,0.04678116608208905
"(43, 44, 45, 56, 62, 63)",0.6758,0.046807516490409956
"(128, 129, 130, 131, 132, 138)",0.6752999999999999,0.04682626506566588
"(109, 118, 129, 130, 131, 132)",0.6751999999999999,0.046830007473840966
"(43, 56, 61, 62, 63, 64)",0.6748000000000001,0.04684495276974884
"(130, 131, 138, 150, 151, 152)",0.6747,0.0468486830124391
"(41, 42, 43, 56, 62, 63)",0.6747,0.0468486830124391
"(109, 118, 128, 129, 130, 131)",0.6729999999999999,0.04691172561311298
"(42, 43, 56, 62, 63, 64)",0.6726000000000001,0.046926457356165296
"(56, 61, 62, 63, 64, 65)",0.6724999999999999,0.04693013424229682
"(43, 44, 56, 62, 63, 64)",0.6722999999999999,0.046937480758984074
"(118, 129, 130, 131, 132, 138)",0.6722,0.04694115039067535
"(109, 110, 118, 129, 130, 131)",0.6716,0.04696311744337252
"(128, 129, 130, 131, 138, 151)",0.6711,0.04698135694081217
"(128, 129, 130, 131, 132, 133)",0.6705,0.047003164787065135
"(130, 131, 132, 138, 150, 151)",0.6701999999999999,0.04701403620196845
"(43, 56, 61, 62, 63, 76)",0.6696,0.04703571409046534
"(56, 61, 62, 63, 64, 76)",0.6695000000000002,0.04703931866003162
"(129, 130, 131, 132, 133, 138)",0.6690999999999998,0.047053712924699155
"(108, 109, 118, 128, 129, 130)",0.669,0.04705730549022117
"(42, 43, 56, 61, 62, 63)",0.6688999999999998,0.04706089565658521
"(108, 109, 118, 129, 130, 131)",0.6674,0.04711446062516263
"(118, 129, 130, 131, 138, 151)",0.6671,0.04712510901844154
"(62, 63, 64, 65, 66, 77)",0.6671,0.04712510901844154
"(109, 118, 127, 128, 129, 130)",0.6669000000000003,0.047132196002308224
"(130, 131, 132, 133, 138, 151)",0.6667000000000001,0.04713927343521535
"(129, 130, 131, 132, 138, 151)",0.6666000000000001,0.04714280857140355
"(129, 130, 131, 132, 133, 134)",0.6659,0.04716748774314782
"(56, 61, 62, 63, 76, 81)",0.6655000000000001,0.047181537702792174
"(129, 130, 131, 138, 151, 152)",0.6654000000000001,0.047185044240733734
"(61, 62, 63, 64, 65, 66)",0.6653999999999999,0.04718504424073374
"(118, 128, 129, 130, 131, 132)",0.6653999999999998,0.04718504424073374
"(127, 128, 129, 130, 131, 132)",0.6647,0.04720952340365236
"(129, 130, 131, 138, 150, 151)",0.6646,0.04721301091860167
"(56, 62, 63, 64, 65, 77)",0.6645,0.04721649605805158
"(43, 44, 56, 61, 62, 63)",0.6642,0.047226937228662204
"(127, 128, 129, 130, 131, 137)",0.6639,0.04723735703868284
"(56, 62, 63, 64, 65, 66)",0.6637000000000001,0.047244291718682795
"(61, 62, 63, 64, 76, 81)",0.6636000000000002,0.04724775550224581
"(130, 131, 138, 151, 152, 153)",0.6636,0.04724775550224582
"(118, 129, 130, 131, 132, 133)",0.6633,0.04725813263344205
"(62, 63, 64, 65, 66, 67)",0.6629,0.04727193564896618
"(130, 131, 138, 149, 150, 151)",0.6625,0.047285700798444345
"(118, 126, 127, 128, 129, 130)",0.6625,0.047285700798444345
"(125, 126, 127, 128, 129, 130)",0.6621999999999999,0.0472959998308525
"(109, 118, 129, 130, 131, 138)",0.6609999999999999,0.04733698342733724
"(118, 128, 129, 130, 131, 138)",0.6603999999999999,0.04735734789871578
"(62, 63, 64, 65, 77, 85)",0.6603,0.04736073373587027
"(61, 62, 63, 64, 65, 77)",0.6600999999999999,0.04736749835066235
"(126, 127, 128, 129, 130, 131)",0.66,0.04737087712930804
"(61, 62, 63, 64, 65, 76)",0.6576,0.047451263418374856
"(109, 110, 111, 118, 129, 130)",0.6574000000000001,0.04745790134424403
"(56, 60, 61, 62, 63, 76)",0.6568999999999999,0.047474455236474276
"(130, 131, 132, 133, 134, 135)",0.6565000000000001,0.047487656290872045
"(43, 56, 62, 63, 64, 65)",0.6557,0.04751394637367012
"(109, 110, 118, 128, 129, 130)",0.6555999999999998,0.04751722214103009
"(56, 60, 61, 62, 63, 64)",0.6546000000000001,0.04754985173478461
"(127, 128, 129, 130, 131, 138)",0.6544000000000001,0.0475563497337632
"(118, 127, 128, 129, 130, 131)",0.6544,0.047556349733763215
"(127, 128, 129, 130, 137, 147)",0.6542,0.04756283843506399
"(61, 62, 63, 76, 80, 81)",0.6541,0.047566079300274476
"(60, 61, 62, 63, 64, 65)",0.6527,0.047611207714150665
"(126, 127, 128, 129, 130, 137)",0.6515,0.04764952780458585
"(43, 56, 60, 61, 62, 63)",0.6478,0.04776559012510994
"(118, 127, 128, 129, 130, 137)",0.6472999999999999,0.0477810328477734
"(60, 61, 62, 63, 64, 76)",0.6470999999999999,0.04778719389125082
"(60, 61, 62, 63, 76, 81)",0.6431,0.04790849507133364
"(60, 61, 62, 76, 80, 81)",0.6383,0.048049257018189157
"(91, 92, 98, 111, 112, 113)",0.5479999999999999,0.04976906669810074
"(119, 131, 132, 133, 134, 138)",0.5451999999999999,0.04979527688445963
"(60, 61, 76, 80, 81, 82)",0.5417,0.049825807569973214
"(82, 83, 84, 85, 86, 87)",0.5413,0.04982913906541031
"(82, 83, 84, 96, 103, 104)",0.5411000000000001,0.04983079268885856
"(98, 109, 110, 111, 112, 113)",0.54,0.04983974317750845
"(77, 82, 83, 84, 85, 86)",0.5385000000000001,0.049851554639750204
"(90, 91, 98, 111, 112, 113)",0.5385,0.049851554639750204
"(108, 109, 110, 111, 112, 113)",0.5376,0.04985842356111954
"(119, 131, 132, 133, 138, 151)",0.5354000000000001,0.049874526564169006
"(61, 62, 63, 76, 81, 82)",0.5352000000000001,0.04987594209636546
"(119, 131, 132, 133, 134, 135)",0.5349999999999999,0.04987734956871706
"(119, 133, 134, 135, 139, 155)",0.5346,0.04988014033661092
"(91, 98, 110, 111, 112, 113)",0.5337999999999999,0.04988562518401468
"(77, 82, 83, 84, 85, 96)",0.5337,0.04988630172702723
"(82, 83, 84, 96, 102, 103)",0.5331000000000001,0.04989031870012457
"(109, 110, 111, 112, 113, 118)",0.5322,0.04989620827277359
"(82, 83, 84, 85, 96, 103)",0.5319999999999999,0.0498974949271003
"(119, 132, 133, 134, 135, 139)",0.5306000000000001,0.04990627615841519
"(61, 62, 76, 80, 81, 82)",0.5294,0.04991348915874345
"(119, 130, 131, 132, 133, 138)",0.5275,0.049924317721927854
"(82, 83, 96, 102, 103, 104)",0.5265000000000001,0.049929725615108285
"(65, 77, 82, 83, 84, 85)",0.5245,0.04993993892667471
"(82, 83, 96, 101, 102, 103)",0.5226,0.04994889788573918
"(82, 83, 96, 103, 104, 105)",0.5225000000000002,0.04994934934511159
"(82, 83, 84, 85, 86, 96)",0.5224000000000001,0.04994979879839357
"(94, 95, 99, 113, 114, 115)",0.5224000000000001,0.04994979879839357
"(80, 81, 82, 83, 84, 85)",0.5217,0.04995288880535339
"(119, 130, 131, 132, 133, 134)",0.5201,0.04995958266438982
"(77, 81, 82, 83, 84, 85)",0.5199999999999999,0.04995998398718719
"(81, 82, 83, 96, 102, 103)",0.5193,0.04996273711477385
"(76, 81, 82, 83, 96, 103)",0.5178999999999999,0.049967948727159095
"(91, 98, 111, 112, 113, 119)",0.517,0.049971091643068996
"(98, 110, 111, 112, 113, 119)",0.5169,0.04997143083802984
"(81, 82, 83, 84, 96, 103)",0.5166000000000001,0.04997243640248092
"(76, 81, 82, 83, 84, 85)",0.5163,0.04997342393712882
"(109, 110, 111, 112, 113, 114)",0.5156000000000001,0.049975658074706726
"(61, 76, 81, 82, 83, 84)",0.5153,0.04997658551762015
"(76, 80, 81, 82, 83, 84)",0.5152,0.049976890659583856
"(119, 129, 130, 131, 132, 133)",0.5150000000000001,0.04997749493522059
"(112, 113, 119, 133, 134, 135)",0.5145000000000001,0.04997897057763395
"(61, 76, 80, 81, 82, 83)",0.5143,0.049979546816672916
"(113, 119, 131, 132, 133, 138)",0.5139,0.049980675265546386
"(60, 61, 62, 76, 81, 82)",0.5136999999999999,0.0499812274759234
"(113, 119, 132, 133, 134, 135)",0.5136,0.04998150057771375
"(76, 81, 82, 83, 84, 96)",0.5132,0.04998257296298381
"(76, 80, 81, 82, 83, 96)",0.5117999999999999,0.049986074060682145
"(98, 110, 111, 112, 113, 114)",0.5115,0.04998677325053098
"(80, 81, 82, 83, 84, 96)",0.5113,0.04998722936910986
"(61, 76, 81, 82, 83, 96)",0.5111,0.049987677481555394
"(113, 114, 119, 133, 134, 135)",0.5108,0.049988334639193575
"(95, 99, 112, 113, 114, 115)",0.5101,0.04998979795918363
"(111, 112, 113, 119, 132, 133)",0.5099,0.04999019803921565
"(60, 61, 76, 81, 82, 83)",0.5096,0.049990783150496855
"(95, 99, 113, 114, 115, 119)",0.5093,0.04999135025181856
"(113, 119, 131, 132, 133, 134)",0.5092000000000001,0.049991535283485745
"(110, 111, 112, 113, 114, 115)",0.5092,0.04999153528348574
"(81, 82, 83, 84, 85, 86)",0.5087,0.04999243042701565
"(80, 81, 82, 83, 96, 103)",0.5085000000000001,0.049992774477918306
"(113, 114, 119, 131, 132, 133)",0.5083000000000001,0.049993110525351395
"(113, 119, 133, 134, 135, 139)",0.5082,0.04999327554781743
"(109, 110, 111, 112, 113, 119)",0.5081000000000001,0.049993438569476294
"(112, 113, 114, 115, 119, 133)",0.5077,0.049994070648427896
"(91, 98, 111, 112, 113, 114)",0.5075999999999999,0.049994223666339696
"(111, 112, 113, 119, 133, 134)",0.5071999999999999,0.04999481573123357
"(113, 119, 130, 131, 132, 133)",0.5069,0.0499952387733072
"(81, 82, 83, 84, 85, 96)",0.5061,0.04999627886153128
"(113, 114, 115, 119, 132, 133)",0.5051,0.04999739893234447
"(98, 111, 112, 113, 114, 115)",0.5047999999999999,0.0499976959469134
"(110, 111, 112, 113, 119, 133)",0.5047999999999999,0.0499976959469134
"(112, 113, 119, 131, 132, 133)",0.5047000000000001,0.049997790951201035
"(111, 112, 113, 114, 115, 119)",0.5045000000000001,0.04999797495899209
"(99, 111, 112, 113, 114, 115)",0.5043,0.04999815096581072
"(61, 62, 76, 81, 82, 83)",0.504,0.049998399974399185
"(110, 111, 112, 113, 114, 119)",0.5039999999999999,0.04999839997439918
"(98, 111, 112, 113, 114, 119)",0.5022,0.049999515997657416
"(81, 82, 83, 96, 103, 104)",0.5016,0.049999743999344634
"(112, 113, 119, 132, 133, 134)",0.5014000000000001,0.04999980399961584
"(112, 113, 114, 119, 133, 134)",0.5012,0.04999985599979264
"(113, 114, 119, 132, 133, 134)",0.5009,0.04999991899993439
"(99, 112, 113, 114, 115, 119)",0.4998,0.04999999599999984
"(111, 112, 113, 114, 119, 133)",0.4997,0.04999999099999919
"(98, 111, 112, 113, 119, 133)",0.4995000000000001,0.04999997499999375
"(99, 113, 114, 115, 119, 133)",0.4963,0.04999863098125788
"(113, 114, 115, 119, 133, 134)",0.4934000000000001,0.04999564381023611
"(112, 113, 114, 119, 132, 133)",0.4914,0.04999260345291091
